PHONEME,F1,F2,F3,SPEAKER
O/,999.441057408414,1045.21922696349,3028.863487819,josh
e,806.93285577953,1903.54798106225,2318.49137229422,josh
O/,617.013465208045,1346.60739318555,2670.00879646885,josh
E,545.513795548124,1579.23487758316,2535.08304099154,josh
y,986.43823669958,2158.36976462449,3041.19537988372,josh
i,354.25615505571,1857.04518233807,2663.31156106651,josh
A/,492.213491419331,1482.77956074773,2447.12197967313,josh
E,518.779573906102,1469.16360814996,2247.36979035449,josh
i,313.716447117056,1965.6155578342,2680.20559898567,josh
y,324.525408665506,2030.82924745681,2861.03201004342,josh
@,487.598017080814,1625.15764375335,2331.11871492249,josh
y,420.366201857114,1518.26465287832,2259.05980618074,josh
y,1234.39213563419,2550.5576207006,3411.41830048311,josh
a~,459.991512754161,1000.98846920346,2519.0899876335,josh
E,431.352212937649,1494.69386810178,2272.16270142408,josh
y,394.27369979267,1830.00846531725,2179.18095504052,josh
y,312.243558095979,2128.74112700138,2613.29867013058,josh
a~,644.574313540343,1261.44860572956,2656.49580826862,josh
A/,415.454533324905,1334.53719573627,2338.08581117145,josh
E,477.324514782453,1685.71813144518,1940.03983051279,josh
A/,500.119002829343,1024.72566678657,3114.27420660406,josh
@,417.400750383942,1339.40285973176,2300.94703254489,josh
A/,715.247708500559,1091.56715628332,2452.51078384961,josh
A/,597.973063244256,1004.69774403604,2408.07598304796,josh
e,518.658264108322,1592.59367693126,2524.29487575164,josh
e,503.003730416075,1694.17419971491,2588.68566610241,josh
u,322.444627495636,1645.86966146819,2194.43557127835,josh
A/,519.046414034295,1255.0698239412,2933.19502908735,josh
E,425.258071985237,1483.88007397684,2704.69075784019,josh
y,1730.700049945,2580.4480814565,2973.27604513801,josh
i,281.57087550512,1952.0373755226,2995.3302830523,josh
U~/,559.437663701762,1738.59899907904,2313.00874606555,josh
2,451.463407148585,1352.24123828106,2088.26330385958,josh
O/,596.123365154161,936.523456682915,3042.03601504229,josh
E,445.589677869089,1731.8349482706,2120.91496922393,josh
a~,551.290843784036,1321.68605126752,2877.22019518352,josh
E,586.704316668139,1438.38681043998,2131.53098148799,josh
i,448.932332829973,1640.20228814836,2496.37926473655,josh
y,355.683242492026,1723.68475213299,2361.22694270724,josh
A/,508.173828481398,1382.01143672934,2428.47291664145,josh
E,520.859380535979,1542.49629716097,2476.26322847475,josh
@,511.311541313104,1400.19331061068,2403.91811145699,josh
y,524.81795197848,1411.63406407638,2387.19993413309,josh
y,1466.33394008811,2587.30684924551,3314.15103443065,josh
A/,582.134913028005,1155.58686053631,2390.68786618409,josh
@,477.814612996986,1716.79791708999,2347.87644428815,josh
y,1068.26890777079,2076.31243724165,3075.18968306909,josh
E,572.19856167516,1836.28496470868,2812.22244195592,josh
i,457.615730813318,1836.23902859532,2556.31610829817,josh
E,460.795301301644,1999.5372163371,2622.76228404756,josh
u,493.223304489938,1269.73366683294,2161.37076877868,josh
E,562.068336618563,2064.73740650615,2478.70596743497,josh
O/,1626.84710611104,1966.16628218038,2827.90707909793,josh
A/,346.09382401293,1335.19980577418,2723.21688310632,josh
A/,402.826502314135,1302.8545076656,2824.73222712866,josh
E,243.836556458314,1457.32248092108,2575.94282457001,josh
@,531.094601174938,1453.87832432824,2422.72292450201,josh
A/,450.803109267305,1423.33616358694,2290.93608511878,josh
U~/,513.891866962137,1541.22093206777,2715.14495629289,josh
O/,1172.6460442092,2228.6127529596,3497.90305090294,josh
E,377.90214254879,1358.97005934675,2321.11566953153,josh
y,440.062114558002,1363.51836925169,2402.0461712213,josh
A/,552.057575398757,1295.22625880939,2750.64433629457,josh
y,506.482320543247,1406.31748867409,2715.54909439677,josh
A/,559.805623688657,1376.55922637904,2395.38648622022,josh
E,464.934976594831,1368.58415421485,2950.09584540753,josh
E,507.924685915822,1600.05865147844,2252.31484471138,josh
e,427.122375931467,1675.86114092481,2590.48167704602,josh
A/,557.408177050202,1357.59103200125,2665.8831841256,josh
u,514.965755625077,1205.55068316403,2634.09158082171,josh
y,149.070110145075,1443.97224815551,2293.62119164145,josh
O~,438.485284307736,1117.17361306258,2280.03676227858,josh
y,408.045577373984,1397.9992075677,2530.93602492236,josh
O/,713.322065953173,1866.50749904999,3033.69291906024,josh
E,563.413812891126,1256.04097267124,2258.54242981237,josh
O/,831.258623982188,1481.89280036397,2562.08043376244,josh
E,574.858755285491,1117.90863530352,2300.73247859888,josh
E,516.924942148968,1179.11031076008,2069.08186413119,josh
e,1326.12212157653,2516.29798017332,3372.16911471423,josh
A/,512.500229871174,1292.65920731245,2594.84763385269,josh
A/,519.814873028189,1264.15842610645,2743.50900445223,josh
e,447.382575502964,1704.82431564838,2478.83822669394,josh
E,473.547705238959,1508.16321027502,2498.69249603514,josh
A/,668.829769906362,1209.69514564599,2534.99923576182,josh
E,473.55127028233,1283.47853542591,2156.67040553842,josh
a~,570.939635481482,904.272601140977,3018.60617715182,josh
U~/,608.062725952939,1300.03001871842,2921.53589798047,josh
A/,612.343264526515,1507.0276865725,2671.86731884324,josh
@,529.361982896717,1353.73317091517,2815.96880529149,josh
y,463.045287103649,1400.74228008374,2768.70417587479,josh
O/,681.625554723072,1624.33076075922,2898.49896871995,josh
E,557.768023004523,1270.28062424083,2765.76252677876,josh
E,547.497453792335,1334.91579569252,2427.85266446813,josh
U~/,766.848417542452,1895.02845793892,2611.34443641975,josh
E,458.982243435764,1537.29694700424,2512.67085997948,josh
E,412.756145209508,1494.4336535985,2595.07573224017,josh
a~,525.720738305464,985.187979667932,2214.37486653513,josh
E,388.099084775225,1560.79851244223,2392.70841489253,josh
y,276.681621646225,1711.10978609695,2642.33281398368,josh
y,1348.13247140001,1891.85543333276,2878.18140151531,josh
E,524.129333011198,1461.23472612429,2273.40501551298,josh
E,413.92637252662,1707.30011742307,2550.92787480431,josh
a~,610.39635679925,1454.46827732598,2260.7486821384,josh
E,560.0382100103,1002.34479818408,2671.60697384107,josh
E,578.021429631142,1246.65885105973,2627.97607731616,josh
y,485.693213167912,1314.88947016466,2498.67629870273,josh
a~,496.752334105962,1309.84940631333,2525.41224525013,josh
a~,617.443324476226,1072.85501827848,2837.12178043367,josh
A/,607.277307638465,1308.31809679754,2610.81093716582,josh
i,433.554430585866,1189.62850550337,2486.25731552502,josh
O/,1066.36337232407,1899.54730492464,2837.92363839662,josh
y,589.860902043663,1560.6825152452,2620.32074389601,josh
e,341.961342835912,1503.99012706119,2739.56740191265,josh
E,379.839186847647,1583.10636483861,2623.35967917723,josh
E,484.26423399782,1777.24560334574,2503.29481751809,josh
E,384.470811019267,1251.56680805863,2052.15555948102,josh
a~,521.824019170867,1380.32488104173,2663.50506795326,josh
E,519.32302789752,1447.2020255688,2437.54966328313,josh
E,405.860954696084,1673.30269296364,2571.14522731584,josh
a~,384.946190192929,1201.34492517921,2867.24555886333,josh
E,402.600799959288,1172.62315544594,1921.94880174,josh
A/,562.154912852515,1393.38083662764,2620.00719451352,josh
e,471.541933627258,1417.03447723809,2206.80032102418,josh
y,512.513747725376,1438.06376789602,2381.75018210774,josh
E,556.29603011852,1116.89078181461,2138.40123954871,josh
@,486.974416162377,1311.06560435809,2354.01481330257,josh
E,421.914652118553,1732.25446608526,2780.74518813227,josh
A/,483.000579020782,1282.67179842666,2333.95911674728,josh
e,524.517099400086,1687.68798304031,2725.96143808786,josh
O/,989.486666358917,1441.01603100238,2558.96418430151,josh
A/,482.832001530355,2124.31759218309,3187.7490758028,josh
O/,631.350547339955,1154.26370011817,2688.03530457145,josh
e,785.517642666634,2115.02267024761,2535.59843799386,josh
O/,464.544908284914,1583.25288850217,2134.78210396965,josh
e,473.328797906597,1771.74178828257,2230.17719048267,josh
i,559.388905250497,2237.26173767986,2446.43581542326,josh
e,435.294578617432,1842.29520726473,2543.42931066873,josh
O/,773.36883678864,1081.81236779487,2647.03952178914,josh
@,551.861914741824,1343.23826798995,2662.41870003653,josh
U~/,529.793256068328,1635.4289448445,2342.37696005267,josh
U~/,520.031136515596,1648.39276540877,2407.83928378464,josh
O/,592.128639026214,1152.55580623192,3062.92139210738,josh
@,542.473322946677,1687.55771188105,2769.6619697775,josh
U~/,529.412856724216,1513.91310915641,2016.14664780934,josh
y,526.718932758345,1583.55062107429,2589.01553757517,josh
U~/,1135.90685308926,2290.33531140154,3407.52367508244,josh
O/,566.708638516772,1334.90287792715,2992.57481593344,josh
y,690.031115484985,2097.99100069056,3344.93027856564,josh
a~,600.222923180547,1353.9681537904,2774.54274129374,josh
@,451.822231664624,1430.46487705106,3073.14504137463,josh
y,484.630823413117,1479.90232653788,3073.45908138124,josh
e,387.477496631664,1484.69006533513,2626.51429940198,josh
e,353.155303010794,1706.18556582036,2412.02289439981,josh
A/,561.949716663392,1572.53034270534,2432.03891072432,josh
y,516.899397967109,1805.2809087351,3312.88663858745,josh
i,390.404776504536,1739.03474733641,3383.54346445092,josh
E,385.724170124321,1986.8522289875,2617.83585753711,josh
@,388.834872732801,1714.16847506513,2871.34446606049,josh
E,417.737185091481,1801.43561183974,2515.43180171303,josh
A/,440.752339942964,1449.31819576838,3084.44148369427,josh
u,355.761394692543,831.943960709579,2226.4073344609,josh
E,492.685063581309,1723.01807265779,2324.93687633504,josh
O/,667.607265450054,1595.34792611837,2434.94894677352,josh
O/,596.314099703473,816.056849411789,2516.80451074,josh
A/,531.08369437981,1215.0044263767,3170.72740620828,josh
O/,407.02048557697,1856.20874610565,2316.35200779353,josh
O/,1053.43716212109,2119.1712379524,2853.8585545679,josh
O/,495.782017035785,1088.61804150736,2358.8877651098,josh
e,524.947463813482,1740.33035864821,2599.16409903642,josh
O/,1314.44765131177,2144.27767466766,3215.66682274182,josh
O/,288.282963438343,1394.38608625383,2447.51358491074,josh
a~,484.451343808284,1397.26994392022,2294.97261657775,josh
a~,507.665775968077,1358.28904926378,2890.40696649152,josh
E,371.304964759984,1860.05527642388,2535.34029876855,josh
u,311.643464831814,1710.93898926408,2213.04306249473,josh
E,418.797994860213,1573.76657880966,2107.84824340596,josh
E,346.385992145226,2011.97849516316,2768.44980858231,josh
E,515.141805385641,1499.25876043726,2633.92732850255,josh
y,414.176024095382,1533.493133226,2338.40146884365,josh
e,424.753661351306,1639.66551427242,2677.10715707317,josh
u,351.625991527927,1913.19651979248,2672.59750388731,josh
y,334.65386302992,2034.63213896297,2797.78277716249,josh
A/,544.448136747308,1270.53557736576,1946.05837594013,josh
2,334.838164256466,1661.9198858916,2510.67619809281,josh
U~/,450.398279285467,1903.9275086092,2605.928911451,josh
y,1198.1482803718,2073.85216805903,3152.7000427775,josh
E,493.703093281425,1618.69674676166,2532.37649083872,josh
A/,516.308756205369,1461.34752685095,2274.66874403749,josh
i,514.494601592483,1541.19195472715,2303.23310477176,josh
E,438.59292950894,1598.15328324935,2554.21839211974,josh
y,839.358373591033,2251.37618581569,3186.8959943981,josh
A/,486.342312853716,1337.54694909736,2789.67639762361,josh
O/,569.863501932057,1185.59134724831,2207.34685787864,josh
u,393.311110808968,1499.61747797008,3064.90300569648,josh
y,510.592976870456,1521.88015781325,2657.93398135839,josh
O/,531.65473048596,1153.61816004266,2192.35472248998,josh
i,419.690623114565,1661.18479470517,2505.35249957771,josh
@,384.285804213497,1706.67246026784,2799.11678238292,josh
@,366.100848910442,1580.27625883983,2563.93971908548,josh
e,371.143425467407,1744.20557905007,2521.58977103644,josh
A/,499.8309926154,1480.2020976279,2781.41498791442,josh
E,592.926176678715,1425.37537813395,2367.20148649476,josh
E,513.160770112452,1242.32399378442,2083.16500659578,josh
O/,558.099080049971,1113.33008350934,2343.22723486389,josh
E,474.810798254187,1532.84837800908,2530.23573322114,josh
E,491.585171701344,1529.21670700727,2450.52588115963,josh
A/,567.951144139403,1124.63659647309,2590.29791244083,josh
@,437.523885260454,1225.84229523368,2625.63363916432,josh
A/,550.027846222243,1158.53865363039,2564.01981792755,josh
E,602.870685517474,1317.43986818146,2290.91505551533,josh
U~/,599.645343876304,1427.95141177452,2389.20321560627,josh
2,412.494288151119,791.611209360985,2406.95398560639,josh
A/,621.328253735135,1075.50521292049,2665.44896953889,josh
2,352.945324474634,1539.84269390883,2511.57612010053,josh
U~/,512.69421483463,1688.0539130651,2622.42953359275,josh
y,392.938180108955,1423.87072254149,2439.97251284286,josh
y,342.165450915009,2242.00252881218,3043.99925477158,josh
y,463.896701366654,2464.77094917017,3387.18855360577,josh
u,313.722901478101,2039.55637152024,2542.43868875733,josh
E,423.110345490331,1562.205346642,2140.47183070443,josh
E,391.09732588726,1410.97568983362,2125.98127945664,josh
E,436.764885443967,1447.53183228857,2125.68473404169,josh
E,444.935466207948,1588.32117147844,2438.58419219314,josh
A/,731.985209172661,1214.64114404678,2562.02849238673,josh
e,520.590427593694,1516.99459510965,2640.74713025261,josh
A/,748.910974775838,891.557391667733,2593.66143166714,josh
y,441.777118630165,1383.03142670266,3152.63411863682,josh
A/,472.395138190781,1254.75726551114,1660.36436821531,josh
y,437.567741628867,1521.79792492048,1871.97627330579,josh
A/,683.30031510808,1210.59772148288,2593.80720091843,josh
y,593.393055304568,1534.86756219354,2958.88099870342,josh
9,412.359979915486,1587.46830037653,2171.11502453513,josh
A/,561.234564827754,1044.40952475475,2192.46731849861,josh
A/,430.31598676763,1394.42940968014,2615.03139422965,josh
E,481.811490860646,1508.01706058589,2696.39684242648,josh
A/,560.769851865884,1204.85596197559,2658.69274684032,josh
e,510.758672162382,1570.50095992916,2394.62075184343,josh
A/,625.391611589529,1336.89174628177,2742.78022968916,josh
A/,582.37709117937,1132.44324919506,2659.01820635311,josh
e,458.459873058329,1598.78759952633,2667.02547582825,josh
U~/,514.238717822287,1644.56254146359,2218.78113375786,josh
O~,512.516841285674,1877.20964699188,3104.44836590221,josh
a~,568.000814728483,1150.77033315439,2375.06810408907,josh
A/,570.410099201346,1164.13897865129,2221.9383586612,josh
A/,587.352903373711,1349.86244674415,2268.4816260225,josh
A/,569.254192412107,1271.26881340359,2668.60792139973,josh
u,474.558986336014,1229.15261994375,1940.57804210767,josh
O/,533.210157825637,1171.1378648001,1646.85899620386,josh
E,431.202433830774,1664.14154891534,2443.25157675439,josh
A/,568.363079508916,1101.33099992788,2278.01057376808,josh
U~/,430.886444580417,1306.60742201472,2482.13068979583,josh
E,277.51660510307,1180.76068244248,2391.00173923804,josh
O/,651.020268032179,1742.20571212897,2875.33849710785,josh
E,1059.57910466261,1707.31665585165,2775.14908390037,josh
E,506.61986246836,1472.68268354205,2485.77519950141,josh
@,470.78202406127,1508.94356413811,2390.33353473514,josh
A/,546.05135245624,1326.39460224812,2327.06800758969,josh
i,412.506080368936,1654.50320381812,3053.26940860523,josh
E,488.335127260836,1471.71058619739,2516.24981386144,josh
E,517.03714939345,1302.77632402933,2063.37207528611,josh
y,563.181506498916,1474.02256651775,2673.07562977152,josh
A/,621.469045042323,1365.10657729849,2265.45110435979,josh
e,450.051917335606,1322.22992064128,2296.6662599627,josh
y,444.95367059985,1341.37207634029,2346.1546406102,josh
u,473.430000677355,1331.86932734995,2293.40845854772,josh
E,505.217811938629,1515.8924355949,2408.14827388006,josh
A/,562.800360549856,1451.09726157792,2290.05415838939,josh
y,465.558722143127,1771.31958510609,2461.17704705154,josh
e,362.512453878847,1504.82351736712,2270.88147687086,josh
E,532.107912263032,1196.82104011825,2202.39514219154,josh
O/,1000.23155868374,1055.74640562398,3039.2997553163,josh
E,785.896028894142,1380.48850656481,1501.94172935973,josh
E,429.330496261384,1551.19658758189,2564.0578801534,josh
A/,559.295507929232,1530.29448582059,2662.87339190862,josh
E,580.619410176873,1380.15721614293,2156.02244727376,josh
@,460.667696584998,1478.35300530744,2794.97822221651,josh
@,403.227307764378,1406.56246988593,2619.13542568585,josh
@,445.786208463203,1378.14949190025,2823.22071589258,josh
A/,448.549683718654,1152.13455778836,3041.60041374284,josh
A/,613.214044900719,1047.02468199665,2882.13981063931,josh
E,469.123878700045,1922.50262240398,2241.87929653719,josh
E,526.095017181168,1370.75858101504,2040.14181838916,josh
O/,886.001919600464,1637.38543854859,2667.90381759318,josh
y,559.416599464521,2291.010861556,3447.01100257298,josh
E,462.202851803171,1618.21685418583,2506.85634872132,josh
O/,519.942607890516,1340.40833814868,2615.19003346504,josh
e,375.290081451881,1306.59652675185,2181.07363009269,josh
A/,560.304009128183,1087.4656632276,2353.59961435253,josh
@,354.420410692382,1767.69005309882,2362.76203588577,josh
E,402.907243370845,1952.5639505779,2683.19014586739,josh
U~/,461.942941364301,1804.82626429074,2502.29060600855,josh
i,299.38280046964,2119.34759731374,2810.37401911365,josh
2,306.20407488993,1706.88931069122,2345.18285361888,josh
U~/,483.374228348615,1972.83767317487,2612.40696526424,josh
@,381.160290510331,1573.23717243357,2355.50353033395,josh
y,2296.65125090121,3092.78957288031,3505.76146595163,josh
@,505.204194043071,1328.87728530571,2300.66399075835,josh
y,471.692906926717,1286.62500137748,2712.50512421133,josh
E,506.935201011036,1237.9307781914,2227.26737815948,josh
y,443.663472249845,1353.0289848258,2463.95428366559,josh
@,497.29044733959,1359.59782468327,2329.18746296083,josh
A/,471.263391576846,1176.09057218493,2294.27166823795,josh
A/,535.804732311057,1121.98712108101,2886.81089599779,josh
E,474.709858000574,1752.25888894743,2548.91314702887,josh
E,503.068303975042,1693.72778172341,2269.9042431653,josh
A/,542.778263174642,1000.3675212514,2263.24452679101,josh
i,458.302433162016,1192.35398670065,2443.74770140052,josh
A/,416.130950507255,1328.65806867958,2272.6773134957,josh
E,559.567370292882,1379.65008214009,2834.3653930916,josh
@,457.128360373941,1725.7629892113,2506.74956645638,josh
O/,537.448282341805,1510.71852629844,2747.24572939899,josh
A/,479.291822057078,659.445201980983,2834.94773559154,josh
A/,544.456291611401,956.378111698652,2079.84508396477,josh
A/,535.307131556517,1152.4124892734,2146.08142462682,josh
O/,559.817443996842,1104.99855991255,2824.28507250187,josh
A/,494.77136227501,1196.9696168571,2028.88245314728,josh
A/,495.09241228047,1208.21795110138,2104.6214893956,josh
i,389.85812047341,1719.3583577055,2222.13296416786,josh
e,469.079184441843,1642.06850755771,2457.15799380332,josh
u,574.145444280088,1344.82626074698,2178.9220202785,josh
i,269.032382875663,1602.67100552874,2923.86073072604,josh
@,406.237720662324,1564.26054750133,2691.740667323,josh
e,453.206468538966,1617.86575357091,2489.89758093718,josh
A/,399.676044440002,1323.34869338968,3270.60771376254,josh
i,657.351903358719,1808.77991103899,3010.15664106938,josh
E,508.530507662163,1488.01416613316,2122.52148577364,josh
a~,555.186583219042,1215.82356098406,1937.13131337087,josh
O~,502.48110530546,1263.8727136544,3417.66625072105,josh
E,453.675498940466,1555.4510574232,2850.22974108173,josh
O/,1516.99656546137,2746.51287229872,3163.71778856764,josh
E,431.584026107969,1469.88725754951,3243.95837925701,josh
e,429.476562043054,1676.07288805167,2552.60701448514,josh
A/,552.139945449244,1023.38630339217,2073.08110950826,josh
y,477.07451992277,1507.15170713926,2663.59128361186,josh
i,322.859948729535,2044.1702302908,3049.58270754021,josh
2,320.460585077478,1730.91949206729,2448.82362661362,josh
U~/,501.920513786264,1772.95628058207,2436.42465427513,josh
@,437.307310756896,1512.23616685898,2419.76009399027,josh
a~,506.74367637249,1572.45090151679,2175.18493632689,josh
i,829.166419024901,1548.14210441439,3286.59156350401,josh
O/,434.534755410982,1443.24944744558,2198.93926789674,josh
i,292.079729738568,2362.42249092202,2809.15148475702,josh
O/,1038.17249017557,1986.50324603325,2712.84848988479,josh
O/,629.231784546679,1127.99407585347,2567.1208788815,josh
e,532.413406037508,2230.22726235904,2921.86584080233,josh
A/,634.12181577109,1335.62440136985,2739.53543758401,josh
E,473.334994443386,1645.26335269668,2401.87330649427,josh
@,409.638154287974,1421.64205495418,2297.5548977647,josh
y,505.353321988145,1545.41521852093,2101.10266161705,josh
O/,513.568305385372,969.31133605079,2411.88266687458,josh
y,1314.96184220626,2293.89708024468,3355.57321516931,josh
O/,519.469888631612,915.104404887254,3029.81971418212,josh
i,558.335612799912,1381.37045534004,2519.3932996286,josh
O~,505.69074513464,961.096910144757,3175.43991145433,josh
U~/,515.889281943537,1720.98245749228,2510.9021213492,josh
O~,605.584436531866,1154.27635802388,2489.54624580815,josh
a~,598.141895426677,1205.65851480654,2395.01495219139,josh
y,487.925846713021,1356.86386750074,2518.88174855837,josh
y,395.52658086924,1974.74513535341,2530.21340167244,josh
E,491.600103831626,1492.11174555168,2276.55945554361,josh
@,493.392354702376,1321.1619467329,2318.74735898871,josh
y,458.637417194408,1375.15096636831,2381.69939816544,josh
A/,335.32117567873,1646.42095988999,2411.41627002138,josh
a~,537.559727154132,1368.70192742206,2317.30079938888,josh
i,406.276960303404,1257.13576548515,2289.88681972989,josh
U~/,437.971271181563,1646.89857106925,2515.70616091407,josh
a~,423.329889225881,1292.49108948018,2084.07222345234,josh
E,446.629611176989,1471.20940603209,2374.20165932336,josh
@,428.7210128572,1419.59262504167,2374.21935626943,josh
e,435.934067970126,1552.54791006727,2412.14152561193,josh
@,288.678486992962,1662.5098072934,2288.37052785469,josh
a~,560.916394251442,1254.79111767615,2245.97491330541,josh
@,413.061496121169,1359.16157284237,2417.3352126187,josh
U~/,458.083097463995,1595.7050084611,2528.26112557316,josh
A/,497.822897548405,1338.77666287658,2907.68511736553,josh
e,486.766449963381,1567.17689956469,2534.60728501911,josh
a~,569.428552712875,1436.49725657195,2701.1474832792,josh
E,524.116276950241,1632.86559104987,2482.60600577393,josh
2,572.995871725085,984.238291372262,2226.00895223793,josh
A/,535.679556136653,1351.48083764723,2325.95582963447,josh
y,807.27405030317,1882.33182590323,2885.20085425785,josh
e,288.712072817305,1308.75106605685,2511.65590532347,josh
E,454.837659340977,1050.05192080041,2826.78038296652,josh
y,533.232616921622,1607.97394799961,2571.14971622164,josh
e,1661.07650546394,2514.10063558721,3425.53978673932,josh
y,430.471405695603,1753.21042863354,2524.03399392585,josh
E,495.976309634152,2004.51808934217,2746.25198987762,josh
O~,441.204818190198,737.24939518442,2741.58682979111,josh
u,463.381063005101,1681.99118026199,2260.83771004936,josh
A/,835.811178657175,1627.62168353204,2815.75525750172,josh
A/,564.508843116121,1109.04578288576,2187.31604116362,josh
O/,618.213560570375,1219.09446726123,2550.62464427946,josh
A/,550.006057595743,1152.98081733234,2158.02354770312,josh
O~,704.521957390937,1513.221883934,2865.47796915276,josh
i,495.258043710865,738.918721325466,1766.92205794761,josh
A/,368.748168831933,1646.45531828738,2386.85325923352,josh
@,517.343598239986,1570.63623783071,2844.61689548794,josh
y,441.100404716131,1377.2989957553,2478.51178835525,josh
E,549.928001212088,1296.9974387749,2378.17425209521,josh
y,1125.38883032776,2175.37661264472,3102.84964338697,josh
A/,623.22134753481,1252.68369057765,2630.16112773364,josh
y,161.056610220204,2059.69485368576,2742.48451631556,josh
y,841.544462543002,2317.39043685549,2597.49574234453,josh
a~,642.87396479473,1099.47012278292,2453.84830509882,josh
u,752.973343523659,1472.18724435587,2656.39159069589,josh
@,347.486444173855,1342.29044974847,2753.39429683782,josh
@,313.343899033086,2065.47312947348,3115.97184348365,josh
O~,481.977211407687,923.440699239185,2305.21571992769,josh
@,420.582235065118,1353.86181449355,2457.24583245644,josh
a~,467.622109128153,1396.16009315679,2491.33908579346,josh
a~,540.23910190124,1335.76934711584,2838.16114013479,josh
u,562.890584501001,1296.42991070472,3027.48709057066,josh
i,1079.24838203256,2083.91075889249,3401.55158934033,josh
@,437.76764043291,1425.77459707699,2581.01956756703,josh
O/,756.68327272614,1292.55492022616,2356.63681334093,josh
A/,574.300584559847,1178.22269358532,2610.15461742632,josh
a~,586.420399528129,1319.67153729449,2356.6302954944,josh
i,514.380298817274,1364.69179702225,2477.42964462874,josh
y,496.968037185647,1538.63356347616,2094.72166774243,josh
@,524.978672627359,1435.31253746118,2475.66425914743,josh
O~,553.619096135452,713.420598985742,2896.99608369898,josh
A/,576.317161683958,1147.00237161882,2818.55001615096,josh
A/,476.730781661566,1305.03684745606,2323.0067826481,josh
E,414.555488839239,1563.59531574265,2671.35904490553,josh
@,506.206461372166,1339.55281681658,2403.58936041522,josh
y,398.61972916577,1922.1281245889,3174.94361665452,josh
i,484.457133939905,1717.49084711716,2347.32611662062,josh
E,432.235840649303,1631.31517765111,2577.77860821669,josh
u,305.406815167996,1666.39849373409,3308.83348488502,josh
A/,532.787542526457,1337.03670492338,2470.92120449357,josh
E,496.905309447158,1553.3919200841,2282.88059104326,josh
A/,559.375635584113,1041.33505015882,2696.43986594398,josh
a~,516.959408306187,1545.75054870531,2020.69962917676,josh
O/,1196.05344530367,2087.36873489396,3051.31442467272,josh
E,522.684671876219,1361.23401680077,2321.61523866429,josh
O/,849.43597548619,1830.36362394267,2657.01989576023,josh
E,1434.3741650413,2372.8169272543,3326.61086308234,josh
@,466.138410182287,1473.87003279043,2526.87315745128,josh
y,517.974917460011,1404.92328760109,2149.56601930398,josh
y,483.651320076404,1417.42098410066,2342.93024030172,josh
A/,595.49156924461,1042.00293746872,2105.32149768168,josh
E,586.723169914326,1265.12236681367,2268.55253473077,josh
@,569.310945994846,1399.34038955041,2154.63425312085,josh
y,337.211727867702,1444.45261534955,2531.57861518865,josh
u,510.053488641105,866.071275903246,2841.89517867113,josh
A/,589.934178995003,1127.07754958664,2489.36424778204,josh
A/,538.704375896532,1166.29644485435,2415.64340928461,josh
A/,574.348183383832,1207.57721485936,2528.68088395568,josh
A/,559.226085998712,1295.70660382413,2532.17361230759,josh
a~,750.949201519765,1310.94047667329,2597.31457965178,josh
i,357.123054179436,1506.24898141712,2473.24178684717,josh
y,490.799727322024,1395.87095855971,2355.78949544992,josh
y,428.633299756613,1581.42364751537,2476.09298758692,josh
y,1353.74457741829,2294.62333407656,3004.01558857221,josh
u,417.588098126508,1708.06758807666,3001.07691342768,josh
U~/,580.503070307591,1383.25770158719,2298.53279726517,josh
E,506.041233198083,1426.34901636051,2248.71752079528,josh
u,410.402784759961,1583.98657758666,2231.66096398119,josh
O/,548.841792349236,1476.77969445766,2577.07607605203,josh
O/,671.895459580201,1086.48765267959,2336.76451661311,josh
e,480.38392157023,1959.18572472924,2600.60369487708,josh
A/,509.009974935094,1643.75991975116,2394.87933908374,josh
E,413.237626913475,1729.27193899398,2466.69560851002,josh
u,414.139166728358,1522.54407806888,2522.07631446898,josh
O/,447.966067339319,1794.73818766741,2461.01825350894,josh
u,442.751621997588,1810.11100981599,2567.11270585443,josh
i,389.608330809044,1888.44860612862,2539.2414703117,josh
A/,507.223572948545,1628.82567751315,2193.79923663555,josh
y,949.10281469994,2304.64737348281,3019.65662552835,josh
2,448.067246926674,1465.9099220564,2440.78557207702,josh
y,1539.67338865385,2331.52956454178,3112.13817228255,josh
i,393.900710836101,1733.27539017011,2550.38943332367,josh
u,359.683345236926,1750.29092723166,2223.87898959302,josh
E,538.766636886472,1555.3764232915,2321.55374027773,josh
O/,545.443420909012,1692.41422710702,2718.83462797178,josh
O/,518.810485243965,1730.10968001954,2436.42791163909,josh
A/,457.903462146461,1233.68753490546,2236.03924541702,josh
E,556.947846379294,1339.24761078465,2458.44559183466,josh
u,817.422083627321,1112.24097174155,2855.02299796157,josh
9,391.465703894172,1501.26536034639,2240.50525637541,josh
i,325.277102893682,1876.451551797,2695.92053127636,josh
@,415.939692532497,1639.54786143454,2196.47206489055,josh
a~,1265.3398978708,2266.72770691755,3396.97732405036,josh
a~,629.357632918209,967.968574026022,2742.62580625349,josh
@,351.161787145617,1597.26218350364,2286.07098270907,josh
A/,538.825044850052,1139.93220594698,2826.92500393992,josh
O/,641.046572429056,830.529041381471,2471.72789549848,josh
@,729.124217156025,2021.29096858376,3097.18980848542,josh
a~,675.179289801381,2027.74213869711,3237.4556763936,josh
y,973.801038648479,1968.04552444715,2943.31088726169,josh
a~,580.551358656959,1230.39273257279,2758.3290701319,josh
@,533.717893752494,1683.41808694974,2258.77059242446,josh
A/,465.252507487876,1219.18628071641,2882.41802744746,josh
A/,576.528248563425,1011.54466711924,2783.83590691373,josh
E,485.715335385532,1796.96455236059,2435.45369113968,josh
e,455.834146177485,1604.44450704807,2582.00842185482,josh
a~,550.688406200727,1443.55950143433,3113.26597751631,josh
i,491.543399055167,947.569772252998,3011.81176973408,josh
A/,479.890876020046,1927.65321709857,2172.26652168408,josh
A/,837.426712894147,1100.31555177432,2327.43879286946,josh
@,441.95512043558,1471.78554945747,2299.34501340384,josh
y,426.734245756965,1536.88070443649,2235.82086397679,josh
e,402.229342065794,1638.62582127473,2373.18909515886,josh
O/,472.523030562472,1329.71477674817,2219.8472487845,josh
A/,576.403205027519,1274.37847623536,2710.42367205643,josh
E,1185.71212032442,2241.98320722615,3053.37055405531,josh
u,322.96315654493,1557.70828166369,2629.53281294466,josh
u,660.203594908917,2395.45737681355,3554.81950487213,josh
A/,581.333958940464,874.069939184181,2514.54106952919,josh
y,654.522868471748,1065.60939334863,2380.07378467185,josh
A/,475.696079268653,1242.955223306,2480.99206232567,josh
A/,579.763310761946,1051.56052859395,2589.93385709209,josh
E,423.101567446306,1459.65711657207,2322.37202348552,josh
A/,531.919135058824,1129.81031506347,2697.59989672032,josh
A/,599.734202424156,1052.71787873961,2593.39934643991,josh
E,473.528111884515,1854.84434072506,2618.36750949184,josh
e,431.738524559368,1606.78533486034,2491.07443452785,josh
O/,566.752896562589,1000.49897383875,2381.79280918636,josh
@,543.838831097318,1257.72564526194,2668.72790540559,josh
y,420.829515358013,1126.21483544564,2523.90590116788,josh
U~/,732.090472972291,2151.78292519891,3106.76319811729,josh
U~/,473.413504738591,1757.99925679333,2522.66345549415,josh
y,1853.29301934465,2147.34745768515,3134.94142468191,josh
u,373.535389173998,1491.64628884255,2400.96921948835,josh
U~/,607.346574285904,1294.05256650003,2509.17390652741,josh
U~/,540.970663392626,1800.75745086083,2641.25657666027,josh
i,431.870898160842,2107.16877091989,2920.56155760399,josh
i,332.617323711437,1838.15738560051,2184.30465125795,josh
A/,440.545470827899,1537.0303642355,2671.01650357765,josh
a~,576.364239370262,1370.21605462389,2693.01262464068,josh
O/,553.740385375732,954.478792781111,2464.9402742846,josh
O/,561.01549115134,1013.17244964857,2968.44220580831,josh
E,520.604675029672,1510.15588317971,2561.50211369409,josh
i,356.696059309117,1993.97237726105,3396.06388457582,josh
E,277.712644130078,1432.50876597613,2368.92915121477,josh
A/,308.00488135903,1604.55007053043,2473.67499654505,josh
E,510.012124562512,1529.36609640769,2426.87976309339,josh
O~,517.9044410127,809.790392767493,2449.24883740758,josh
A/,537.965278322353,1143.45008313046,2747.73337767737,josh
E,491.547070547672,1478.05540375191,2939.73901645116,josh
@,457.891638854818,1367.082013877,2549.81265111906,josh
@,442.697377325415,1598.93809439628,2590.49251350522,josh
e,479.674496183801,1691.29991834836,2552.32155212319,josh
e,363.025161455638,1938.53134016285,2558.21412866113,josh
O/,700.116925082228,1044.69856254194,2295.8606279657,josh
a~,402.620588298473,1098.77594114159,2299.67201139963,josh
@,400.637864215564,1740.48903393137,2274.31117621716,josh
y,420.249975170463,1467.81839361966,2729.2289319665,josh
e,437.534460488136,1652.34356635363,2487.31190336669,josh
A/,502.25247500876,1317.69953361992,2260.91833494799,josh
E,583.112171137719,1475.36503133326,2303.402679715,josh
A/,650.846200119443,1085.3431119704,2861.52174957492,josh
A/,558.497530992846,1121.7096553743,2704.28006403342,josh
A/,509.926888610693,1015.50105298782,2639.89759741295,josh
a~,643.806811993412,1398.32714953263,2207.18869779531,josh
E,494.742142828571,1145.45949987,2087.38210288393,josh
y,779.568551353083,1607.7999248184,2806.19653172938,josh
u,1010.00012976159,1619.05226701528,2921.15217139489,josh
A/,476.937351154184,1319.13027645955,2382.95087307877,josh
y,471.647358270169,1347.12915972482,2569.05922954667,josh
A/,378.931590231593,1373.38814410516,2456.66882146972,josh
A/,694.980972194714,1183.68167190293,2480.38829458114,josh
E,467.133937811299,1968.60378500311,2622.15564135257,josh
e,421.343295463353,1632.58281930136,2543.41160274332,josh
a~,1188.15162620695,1790.46246229807,2788.53161599969,josh
O/,460.687890441435,1065.26622735227,2296.56826876671,josh
@,469.886821595846,853.118866706783,2083.95229529255,josh
U~/,1079.10067772507,2244.24655677582,3429.6807983955,josh
y,1267.22777660142,2309.59536859713,3562.75462614523,josh
U~/,582.528329638497,1364.41599146472,2658.81240947891,josh
i,340.76705241144,1892.00133765406,2915.79599114521,josh
A/,482.542718196825,1500.04306902805,2327.12431933637,josh
E,560.329209443967,1353.37785552592,2296.78322410833,josh
U~/,492.091061801248,1517.89185682695,2232.77967023088,josh
i,1838.9371806547,2850.74504179348,3681.07133686003,josh
i,312.418740759678,1964.66510345749,2523.22090200655,josh
A/,434.520703876408,1508.19328626036,2409.44263097303,josh
e,435.753713249128,1652.79073557867,2442.48378876867,josh
A/,568.232867952198,1030.99094986023,2337.79874670678,josh
e,564.348213732816,1649.27932905691,2568.07861858532,josh
A/,484.843581720536,1586.66752421867,2541.90878623554,josh
O/,513.250533640406,1102.73987921867,2153.081735248,josh
O/,521.744682947473,1378.73830972644,2191.04444004205,josh
A/,504.092746846763,1084.20820413433,2795.24483608707,josh
E,425.236399411147,1617.8722105744,2475.30531849324,josh
a~,589.073369405273,1082.67147279504,3083.18994295579,josh
a~,614.50727111305,1102.51725512091,2806.67019096325,josh
E,438.505247896866,1581.34368885648,2580.55331111609,josh
A/,496.996284754137,1248.70603357616,2539.3655562537,josh
E,570.041853488033,1349.68371170269,2516.66322652673,josh
E,475.159009074614,1393.08401460166,2634.64650502456,josh
E,550.679130229755,1564.99611758756,2543.15347726845,josh
E,454.424477655729,1467.8770287362,2035.4303918684,josh
E,486.994242637345,1324.92799341615,2264.04079089057,josh
y,586.622452532525,1282.16311105676,2686.86468246924,josh
e,979.255838717556,2033.08870010697,2815.82902311494,josh
A/,526.148963134763,1240.44323990098,2431.36580373358,josh
E,465.616785180803,1574.00958618752,2464.80212674024,josh
@,499.623702778708,1401.65743953522,2990.16060524855,josh
y,595.518762998683,1578.97845657275,2443.17259319611,josh
i,738.939635185799,999.853771899568,3095.84175212279,josh
A/,416.37806517427,1838.1431115766,2590.34250177675,josh
y,313.889122924694,2060.160338402,2670.28924067232,josh
O~,588.20402297006,907.573812933264,2518.77018469774,josh
@,487.815280611821,1026.56595315583,2484.0718808239,josh
y,520.55405342246,1167.0438569358,2364.2589184521,josh
A/,570.65681895506,1317.61923548361,2571.54262819749,josh
i,394.220312958443,1771.81685405445,2557.88515359567,josh
@,413.645079523915,1757.0113727828,2168.64284810944,josh
i,442.75634340894,1780.76178141498,2437.65442332188,josh
A/,571.455760911548,1595.87917203824,2248.43908815326,josh
y,389.689472298325,1765.69058812907,2387.53258287559,josh
O~,459.860115019278,941.03251124618,2282.70828303229,josh
@,455.675047376434,1678.6905595464,2237.62743059027,josh
y,399.074936847332,2205.67068244929,2777.82730569557,josh
E,527.174951801805,1611.60362467962,2264.51212817582,josh
A/,542.385138598301,1270.70832212774,2534.39307697875,josh
a~,510.495829310234,1567.99460616349,2113.25328176886,josh
i,452.618174209244,1221.32369152931,2754.61716020849,josh
e,442.477925717613,1475.53001618598,2163.92857411538,josh
i,442.173559446203,2034.78003691767,2906.1651882186,josh
A/,627.954296792541,1195.79092403841,2568.34400629144,josh
A/,536.973161387345,1004.80266782355,3099.0199375482,josh
A/,530.090515808952,1664.74938989094,2325.25875640614,josh
A/,516.747308496425,1134.04884081626,2919.62271857103,josh
A/,619.651939276366,1097.47340054282,2764.14367879413,josh
E,528.130152715244,1661.19205128844,2242.82881976099,josh
u,373.851610701839,1399.57227993328,2898.82392320353,josh
O/,1063.15638452176,2187.24373509297,2895.39351264452,josh
E,920.282862425266,3120.93346521068,3997.53950409459,josh
O/,1280.02191542405,2324.98076525426,3313.29104412456,josh
E,552.386373893672,1311.59313341736,2300.54376137856,josh
y,1377.14313841585,1540.08982514048,2599.62167844173,josh
E,525.17914868536,1501.01411030892,2325.48401132366,josh
i,431.627705135393,2009.80497003543,2779.97036151994,josh
A/,537.809979993591,1658.12965219001,2309.31758021406,josh
A/,617.200583448672,1062.97272153445,2535.02166355877,josh
O/,545.804995604529,1105.92763183369,2264.72533029039,josh
@,393.778126255049,1364.71720768203,2502.21716448517,josh
O/,506.217824854737,1481.39164331496,2234.86415057055,josh
y,626.167608389942,1193.66145344865,2674.78341695574,josh
y,584.857484198514,1161.04098383982,2848.58425147738,josh
A/,683.925281161659,1878.85681027241,2611.08354457422,josh
a~,539.18412355297,1492.75073613186,2264.82363213642,josh
i,384.258290641207,599.45402554721,2519.12501822598,josh
u,386.328751768871,1415.97163952549,2535.55165209298,josh
e,431.844028079963,1672.57526402073,2457.40330304281,josh
y,347.554639033646,1859.2289616823,2634.98550751428,josh
@,372.625426892999,1423.4268520869,2849.72475165401,josh
y,442.17406766031,1398.86944584232,2348.28036678926,josh
A/,667.530851645762,1095.02203463867,2659.8861262052,josh
A/,658.485699748671,1223.7835260921,2629.67035896093,josh
A/,566.635202995951,1342.73630958971,2501.17837685325,josh
E,546.487261647135,1836.94118963084,2558.86461200455,josh
A/,699.190491361232,1211.51759704408,2437.9626421938,josh
O/,628.712034858432,1353.1973087466,2798.58486541789,josh
i,394.035948474417,1979.20151348611,2709.18926136143,josh
U~/,445.051746222496,1687.09857719536,2223.16201943353,josh
@,477.705352214992,1512.95518431117,2165.08360809745,josh
A/,537.790290858374,1385.54415195525,2387.99143856493,josh
A/,568.616363123965,1169.88851508012,2993.85768931394,josh
A/,626.90412930786,1098.96997323757,2776.49838922717,josh
E,497.586474850942,1570.50868981172,2114.31990013532,josh
E,523.36508055415,1287.99256869569,2480.24909584924,josh
i,364.409689760768,1701.79448554832,2669.52990894244,josh
e,1319.65621309206,1568.81996425965,2733.99635433013,josh
E,568.1926107112,1232.53369472407,2298.91067245135,josh
E,415.015419195262,1484.47870457627,2844.87831595661,josh
A/,561.565190925863,1160.13980555431,2171.86009282261,josh
A/,494.749593581751,648.275972889825,2752.29669576152,josh
y,622.635833033689,1186.01262445315,2789.38396378338,josh
e,622.801474935111,1232.5378898867,2332.52769114746,josh
2,494.956498846629,1053.28424749533,2239.26639819011,josh
E,510.692257051143,1530.9306214259,2571.22147655608,josh
E,496.028657717179,1307.29938655584,2210.50968258255,josh
E,501.509152115263,1398.37347543023,2156.00403719155,josh
A/,600.317550937672,1130.19862104541,2645.74529681349,josh
E,549.722773417931,1256.51239608629,2989.70340798436,josh
O/,549.805504412701,1262.25251392537,2348.31716644326,josh
2,514.435087045342,1294.82433666316,2439.91606392585,josh
E,515.469696849807,1543.93343985344,2409.86924908875,josh
A/,571.965949889677,1126.85441296268,2346.88371328722,josh
A/,619.992864736705,1291.83452571208,2381.75707006143,josh
O/,472.196443947461,1178.33205221001,2002.69130070458,josh
y,437.411790654022,951.484567241794,2235.52645811444,josh
y,327.183719613792,1335.0875660803,2556.20195231438,josh
i,288.404512373482,2151.64708737064,2757.53466219307,josh
A/,518.191455179685,1461.87762136014,2574.78817793973,josh
i,364.569503584609,1714.04868194069,2600.42263526343,josh
E,477.994235746749,1803.68775053212,2502.92974463457,josh
E,502.811177113452,1434.60609653253,2220.06773060461,josh
E,533.551305767596,1101.49637844947,2226.64302690765,josh
A/,598.703350331037,902.754743893654,2817.37051506022,josh
A/,546.322136545108,1019.53506265518,2628.22738753834,josh
E,489.946742629968,1626.19138073831,2534.06004105516,josh
u,303.544799854524,1849.50920058662,2408.58312155264,josh
A/,574.269780659047,1124.61214525784,2171.40528827712,josh
u,353.624222296254,1484.23647652679,2160.74300558906,josh
E,570.995524110541,1346.55830642562,2358.18984022327,josh
y,176.84664645963,1370.39161959724,2518.2810980362,josh
e,263.506085799397,1452.40831467274,2623.98926437267,josh
A/,499.814583500378,1309.17151068481,2392.9585687446,josh
E,457.34394028702,1528.33753630276,2391.26865248358,josh
@,551.895436968404,1452.32657968611,2272.97605556064,josh
y,467.599906954513,1474.24581440568,2346.22234979589,josh
E,426.787355899746,1802.28890628672,2237.53332095178,josh
A/,601.949149355797,1480.00763924807,2163.37483838275,josh
i,434.641672345501,1881.17703908389,2769.53911125398,josh
e,481.991253247285,1880.05786678726,2647.1786779486,josh
@,453.324051561596,1480.09154589798,2336.43553979352,josh
E,527.685023058004,1497.81051691717,2398.83947078064,josh
O/,505.098523355101,1183.17410987165,2227.96164713792,josh
a~,499.70835104169,1395.79274258797,2317.61465768246,josh
y,489.177296783884,1588.51703530841,2468.76392517364,josh
e,408.918394141798,1896.76246484047,2021.95718893957,josh
i,340.677558122541,1742.42803526243,2548.57845565309,josh
A/,526.874535166532,1338.69223325736,2968.57697003849,josh
a~,510.769234577148,1573.96897054287,2055.63276079602,josh
i,431.954241479428,1479.47675641095,2972.85257058314,josh
i,1243.02545312684,1902.68189032348,2860.48662736918,josh
A/,543.63492780868,1664.32192519619,2332.97034211437,josh
y,264.576462317267,2265.91595342642,3021.83689829859,josh
U~/,491.841566842665,1625.15585581032,2577.98056595193,josh
A/,450.374499081514,1329.78899034043,2609.06842738174,josh
2,455.965096341052,1368.12800107474,2418.90133411561,josh
E,495.801983981127,1413.81737775763,2233.6043271985,josh
O/,680.816923228224,1142.797546642,2627.15889534203,josh
E,518.591571922138,893.723371131571,2121.62772597821,josh
E,646.74203560561,1336.55682913555,2398.30748920284,josh
e,435.003613823361,1918.25661633312,2836.33572405902,josh
A/,546.622405450872,1263.3897071168,2338.03559656013,josh
A/,656.210609132883,1371.96582389465,2083.83911029074,josh
y,622.091748251795,1626.20544384862,2271.74603773221,josh
e,459.344776048939,1326.79845519104,2479.25636678535,josh
A/,591.660214548199,1088.47715199717,2327.95865585108,josh
E,534.639267072166,1491.48993891143,2293.34438693307,josh
e,467.652075811759,1489.94580571566,2622.77620356499,josh
E,375.623925689795,1690.43982689226,2463.44005087268,josh
O/,497.095412287131,1135.81348482206,2368.26671252725,josh
a~,542.522896747838,1372.26028024242,2319.13527575695,josh
y,515.325066020857,1480.14937692897,2060.47136321861,josh
A/,675.604237274894,1521.52987637133,2248.63160897261,josh
y,486.849661800888,1453.13267925913,2538.38621077382,josh
A/,482.674017209256,1428.51087628085,2470.86416131728,josh
E,480.207432668461,1401.1001184036,2280.13957269648,josh
y,668.598268207678,2307.49806481473,3076.14323558247,josh
a~,538.233799210756,903.858333073364,3233.01685388122,josh
e,386.259666681957,1765.17868446658,2569.07169771751,josh
A/,615.393124676606,1496.82433591172,2148.37362765084,josh
e,502.30337065038,1687.0881031677,2468.08373837854,josh
u,481.156372949315,1240.56726303576,2188.21040784704,josh
E,515.069341893647,1487.19187364386,2118.36739844141,josh
O/,437.854005280285,1439.29181735569,1997.00094645349,josh
u,441.124208116723,1205.60547639409,2626.57929963513,josh
E,452.171751853018,1746.63147594117,2260.20930880005,josh
O/,959.545873886398,1979.68893824907,2956.586877916,josh
O/,605.20059170916,1316.5837855439,2654.31823932969,josh
E,441.897665485451,1567.50366511984,2414.15281495526,josh
y,508.223022713576,2220.45104890524,2686.77963674078,josh
O/,433.560777773464,1406.98544798889,2533.12538557472,josh
E,573.703621727384,1293.42205570502,2491.56245373403,josh
E,522.203822167193,1308.53494133791,2589.92520874582,josh
E,539.343084508671,1352.32664596821,2367.57734221246,josh
E,551.683868931004,1419.93423057455,2251.08417289464,josh
A/,520.904050786546,1439.84154404834,2549.8333052851,josh
A/,553.801093012916,1292.28576289789,2545.04183652707,josh
E,460.570041963552,1386.8388315723,2426.98145512636,josh
@,380.262380092056,1553.34265876439,2387.13477514583,josh
E,425.660420477694,1551.06857252076,2312.52811229463,josh
i,360.817640735784,1610.55077387168,2154.48625760071,josh
A/,614.224044910658,1267.04486922722,2163.62161598974,josh
@,396.750940768901,1680.52685887019,2475.27487347382,josh
i,895.71946545582,2303.86039080018,3282.50183199198,josh
y,414.222281276392,1714.78288558958,2679.25438154292,josh
i,1221.02568669845,2400.22264377659,3299.22365751208,josh
u,317.919534762259,1776.84379200598,2412.40777736152,josh
E,384.353963009973,1922.59912511192,2444.46266859231,josh
U~/,512.669613228652,1735.47419544361,2457.65475335174,josh
2,528.414404884533,1082.4512705475,2192.0875779332,josh
y,337.725998056012,1340.31625820704,1983.997271328,josh
i,399.802985942484,1618.20475658074,2154.73098629309,josh
@,374.41852950143,1544.11018008702,2448.50349251731,josh
9,481.756642058637,1395.74025286447,2194.9753512278,josh
9,383.664137386998,1346.7717534804,2504.90027505385,josh
O/,563.389544529907,1057.65089934622,2002.03020107331,josh
y,344.201682130517,1086.48113496522,2276.89787603265,josh
a~,480.18884992873,788.641826602746,3142.80486030944,josh
e,370.153995926982,1764.33178455644,2556.63411258425,josh
A/,651.422444375076,1482.23987947085,2239.56803373838,josh
i,572.96454332321,1385.18158285059,2507.09667272296,josh
a~,526.18887752931,1326.18843246945,2438.85699635573,josh
E,421.03892236786,1667.57608412081,2488.52219363311,josh
@,435.418106397745,1605.99724994061,2410.79624587703,josh
u,525.881845045373,1022.63723283603,2542.68603104369,josh
A/,647.33687236956,1051.21778778867,2788.1506076896,josh
A/,656.30814806493,1125.1073276218,2892.71188468387,josh
A/,602.592180730335,1011.32573248097,2526.01604810694,josh
U~/,566.033331285906,1486.4962239642,2406.18254782228,josh
E,574.260575638841,1350.7340512713,2438.65414083196,josh
E,529.68437795241,1305.60961815609,2295.51358631751,josh
e,444.083145069092,1455.05098067237,2458.42972179506,josh
e,414.066046422054,1330.27270287818,2349.66441899397,josh
E,520.303975511901,1325.65927700233,2389.58798146597,josh
y,1137.77697526555,2283.85103034559,2667.98341888582,josh
e,609.973244528406,1302.16365819881,2548.3094052703,josh
A/,521.983775731222,1282.61013765426,2493.21740668795,josh
E,488.865817136662,1566.13212212202,2476.01053543135,josh
y,556.405750332678,1221.36673123464,2427.06772615451,josh
y,235.881412625269,1480.89971970296,2482.47076249622,josh
E,484.023317991824,1489.82963488029,2447.31195816626,josh
@,412.18308879187,1792.60942556738,2208.37519536228,josh
y,875.85729072108,2319.3244132346,2653.51498447913,josh
A/,594.785915000756,1484.82528840021,2562.58743603855,josh
a~,520.748057226975,1405.92942310753,1899.73196190817,josh
i,407.514425903834,1382.10802247489,2681.44186064427,josh
y,316.707666089999,1389.48248856849,2379.37340003882,josh
O~,441.688198625436,946.896179776932,2528.91029953534,josh
y,1219.08213735799,2209.68006439883,3098.71922071032,josh
e,421.337769187636,1513.31987747227,2502.20017142751,josh
O/,553.656157310707,1062.27410831928,2023.06657160373,josh
y,285.175126823902,1792.09065820539,2315.89344505393,josh
u,317.437399475787,1892.51285775571,2352.71908212953,josh
A/,507.315212078868,1287.43660343716,2305.28944112167,josh
E,521.342671365076,1457.26958164683,2425.47519321337,josh
A/,558.2887865282,1457.73149515498,2379.02718391435,josh
E,527.998274383869,1342.25631059318,2189.69747872194,josh
@,553.0952957449,1292.54509754272,3387.33189740237,josh
y,488.656548219046,1301.75153676398,2508.80807605364,josh
y,1399.99723243417,2581.33301430227,3382.64363519001,josh
e,562.94527832529,1088.66520774814,2409.3209218236,josh
u,297.976826112094,1555.18167700181,2392.90307441847,josh
y,155.199806007121,1261.48343525348,2448.38120739723,josh
i,1551.88598838027,2485.40022873305,3482.45085924522,josh
E,525.434302425529,1471.76893602023,2318.19924488958,josh
2,508.299279772311,1365.53435563033,2180.28789726779,josh
a~,613.653586408028,1295.77652758085,2595.35111211093,josh
A/,616.508760949913,988.795212723721,2357.49798067022,josh
E,505.786550058214,1426.79604563913,2230.20082739163,josh
@,371.874332487602,1501.64317134153,2221.7654620352,josh
y,501.243559843089,1530.78669742683,2656.18094889402,josh
A/,334.426187034853,1639.64881618109,2217.11675802913,josh
y,399.29636833917,1509.35257431816,2168.79099052,josh
e,423.003681368857,1641.78844618122,2214.50175773698,josh
@,380.997045850655,1596.95554327716,2397.42813498505,josh
@,373.584290078618,1709.17636401115,2446.99869182145,josh
y,1468.83260381205,2553.38585728532,3120.18019458012,josh
A/,443.880495818558,1230.83769288519,2248.72368864318,josh
u,402.932766926711,928.357794715361,3026.40285408455,josh
A/,587.290174027079,1161.31365326005,2635.00877186383,josh
O/,529.99171924036,900.492070337282,2360.95990328802,josh
a~,546.543085167214,893.309997064608,2701.25851628477,josh
A/,488.016125493403,1206.18995147432,2570.34031594439,josh
A/,598.269658631666,1105.10824822981,2570.54262936427,josh
A/,559.849893771477,1059.36351258408,3063.98667787882,josh
e,387.324815188132,2006.48237119915,2755.20850461882,josh
u,354.439101070257,1465.54804589038,2323.70005759995,josh
y,394.781972095584,1522.26487327244,2038.13829646954,josh
E,250.930843137519,1952.80172582305,2904.13122869229,josh
@,449.305777379289,1581.20837300694,2462.18771642883,josh
O/,450.055565551449,1458.87785218028,2432.64416949241,josh
O/,552.599720186773,1404.07173966674,2167.00448790571,josh
u,306.084612022998,1376.29353605984,2352.62889905474,josh
O/,782.269397492121,1613.34814504627,2731.58018351186,josh
e,584.493216560536,1496.20801333772,2401.18329945335,josh
E,552.446895106885,1285.75391574257,2479.14294899038,josh
O/,631.402046999482,1492.13992433436,2456.03867097012,josh
e,482.851919608129,1590.08453221158,2360.24448851038,josh
A/,522.945105297966,1629.84561307593,2287.06873457811,josh
U~/,529.547605179529,1344.39317726053,2964.40088855931,josh
@,468.103287109464,1474.15795200814,2373.462719535,josh
O/,466.15060202276,1268.15532357645,2686.31302238674,josh
u,451.765431068443,824.332285191963,2374.0511496651,josh
@,463.560410837498,1353.40220910154,2656.30378155978,josh
@,372.383604449971,1479.59521924383,2738.83175759535,josh
O/,604.185103619096,2039.8199009506,3484.8679814549,josh
i,364.91539542377,1675.15073587066,2436.70730825306,josh
i,1465.13579635662,2476.77733477692,3043.63080721512,josh
i,1809.54602036688,2655.93695866135,3762.67571910572,josh
@,336.180999819045,1902.72438475269,2710.89156550821,josh
u,392.047890898298,1552.99891954594,2461.79176528257,josh
@,439.935234466625,1368.50231787866,2214.62291938278,josh
y,308.982997190288,1677.60595800554,2424.55092512785,josh
u,451.015157857086,1456.37775742772,2661.3948618456,josh
@,361.854539868629,1633.56585608233,2285.58821305669,josh
A/,363.501773627511,1248.9670543142,2868.05206180338,josh
E,514.659241906798,1718.69600236719,2547.12512475519,josh
@,365.806194223074,1498.72332137026,2734.79725492473,josh
u,407.600931807347,1918.65687907334,3006.31915246674,josh
E,528.896153610839,1320.03196180366,2354.72002460664,josh
E,557.217567416958,1386.76369617215,2315.26848873441,josh
U~/,1124.94757966312,2347.0445546751,3105.31900468249,josh
E,491.732102950968,1515.68071869923,2465.24894041941,josh
E,466.259506705505,1563.50937066099,2522.43634435841,josh
a~,516.071392509671,1590.20734409407,2430.94759559997,josh
E,528.150937041113,1362.54426916609,2331.73616600363,josh
A/,633.508645880885,1218.36288259456,2267.81112797443,josh
@,371.064095014003,1777.28912123907,2209.3021646066,josh
E,532.466449826661,1681.9457963612,2418.41641654514,josh
E,444.4507125705,1833.97620562112,2581.26418535526,josh
U~/,458.68471556233,1887.77228115194,2658.48724750907,josh
A/,597.708755633827,983.234605326385,2942.83903239346,josh
i,389.522213135947,1468.109275235,2622.53534244863,josh
E,386.391539088959,1715.43294046349,2410.3480794581,josh
A/,409.711099457623,1321.58322403585,2458.14027537701,josh
E,491.343170022481,1490.80137732514,2789.6216699117,josh
O/,609.482890294627,1312.34468860636,2184.48952423021,josh
u,711.161916716136,1931.0546156019,2782.86497884782,josh
U~/,461.750713898715,1647.15922000521,2634.7298945007,josh
O/,473.404529352376,1410.63312994352,2376.23873277405,josh
i,563.813801880155,1241.58133437391,2428.59896431957,josh
A/,509.158830596005,1412.98580339802,2216.60305369425,josh
a~,540.728573506908,1387.6882910764,2558.99433565858,josh
A/,559.442622195837,1161.75624438958,2821.04791779957,josh
u,398.525697891075,1582.45104784551,2763.37641344038,josh
i,343.306470095414,1934.72583548502,2391.04935690904,josh
i,359.48015405278,1886.4795980408,2519.49136256431,josh
A/,458.97092896156,1629.82125750225,2318.30961337939,josh
y,1082.48583917047,1959.38758477819,2934.6397958687,josh
E,564.428746607393,1314.28713764503,2433.42538725773,josh
E,435.331429970522,1621.01549837058,2648.52484294065,josh
y,565.032216518884,1341.32862800728,2423.7693694371,josh
O/,554.127022283466,1010.67901152923,2911.40018664861,josh
@,542.45887282891,1038.95251828102,3241.15498980085,josh
y,432.991914369456,1350.28319526433,2498.7122785647,josh
A/,521.702642846934,1276.49459803068,2194.43770037783,josh
E,530.022968673325,1454.32748589272,2255.52090137824,josh
i,339.759075628007,1972.44517014494,2671.54965626859,josh
y,351.061242430248,2025.19436854667,2702.52183327311,josh
O/,469.693228677812,958.787734526928,2253.60221572009,josh
E,472.432037297186,1580.96015363535,2334.27626710795,josh
@,433.679514257543,1543.28998044446,2570.40954208455,josh
E,456.006396728073,1573.03941188035,2543.62309893892,josh
y,361.60797467841,1606.45417925606,2490.99047155387,josh
E,592.647459376318,1059.22297563369,2527.16341146085,josh
E,517.209182110723,1510.82397631395,2476.66859297545,josh
a~,556.373516742903,1475.26141849699,2202.10666748049,josh
@,323.626559433266,1763.58267073902,2508.69065049734,josh
E,478.13295208098,1324.21745384596,2138.77746530141,josh
E,581.766929629035,1654.01979967838,2485.48612235226,josh
u,281.611709467946,1313.78639000362,2701.80035152704,josh
A/,522.181040066102,1276.96595771154,2408.86098974933,josh
i,437.141097000727,1768.94460143134,2478.71122330291,josh
A/,361.900707261198,1102.48617007711,1168.87143746163,josh
i,432.450560906121,1254.97032255703,2615.22658183482,josh
@,450.455995268051,1653.30127503295,2175.27424976174,josh
y,562.646277978947,1193.60903306304,2146.4136213626,josh
y,1166.30239699022,2504.60023834706,3314.83687245371,josh
E,464.52124305379,1584.11230981874,2467.76094553524,josh
O/,524.581223320133,1113.84733054193,2446.2689219652,josh
A/,487.631605801654,1245.9142156065,2809.1162222452,josh
E,538.36391155596,1516.29712506425,2381.85685142005,josh
O/,756.146438496255,2094.45104608343,2561.99722870595,josh
A/,495.889634223181,1645.0150746996,2325.22264044448,josh
i,340.204104789823,2293.26233543478,3336.78414818304,josh
E,445.303846161102,1815.54143175593,2500.69565581295,josh
i,376.877883435362,1775.03529792279,2479.85954871941,josh
A/,491.787674922351,1707.29573173325,2446.57094246238,josh
E,516.371724904754,1523.87977822878,2316.48416175496,josh
y,459.75219082912,2014.71400076692,2726.09861175835,josh
O/,438.390959291374,1294.97988393942,2361.39854150052,josh
u,483.169634604071,1197.66988619373,2288.50145712701,josh
A/,435.970603118954,1559.99181148278,2376.5308983971,josh
@,312.851366745629,1527.85772805724,2872.88765524645,josh
A/,433.123056950585,1359.71424177079,2557.79352654476,josh
A/,662.352674181432,1370.38169095074,2100.4387755774,josh
A/,495.502322073979,1215.85752425351,2714.75482306477,josh
y,332.045325763937,1874.46291213403,3194.25377016209,josh
e,389.408628352932,1904.56727117067,2759.26184213018,josh
@,396.859263107633,1425.06358744649,2806.75651521698,josh
y,1027.61677733497,2218.55492465465,3117.78704251554,josh
e,531.3248245414,1379.77441447188,2709.60465005966,josh
E,476.642060882042,1825.25210186901,2395.11222931339,josh
O/,1267.32840400871,2407.92840462626,3079.56609254559,josh
O/,503.016075946926,1468.94996456306,2479.55072022844,josh
O/,567.098315430735,1340.28513727527,2452.81034208959,josh
i,527.580757563959,2461.43985039717,2789.06399552052,josh
@,364.312304703838,1445.44785148842,2231.39614334204,josh
@,1685.34672790299,2049.08495970041,2999.73846033549,josh
A/,621.340245087638,1102.45706983621,2379.45144020768,josh
A/,564.130215501271,1164.6346730074,2276.06193665625,josh
e,466.730051991461,1620.16973973346,2454.22654878882,josh
y,552.892687146132,1499.38355951515,2197.47289933818,josh
e,619.208576380455,1296.51633137027,2467.45004686996,josh
E,366.325121889037,706.379336577979,2146.05514025994,josh
A/,589.875231185352,1312.46915265387,2714.70852990944,josh
a~,576.422185029136,1317.03577236898,2389.78448087184,josh
A/,584.100004907493,949.004819756124,2637.21888081418,josh
@,436.102697470409,1922.59223715821,2230.99917070326,josh
E,379.456903498305,1660.00063702692,2383.54243411861,josh
i,315.192774946147,1738.1888003652,2444.47307614448,josh
i,2406.1172526792,2495.1580506147,3411.00267136101,josh
i,347.473306080716,1918.89915583603,2714.25676489475,josh
@,348.150861637379,1759.31695483298,2472.37038331703,josh
@,388.596717340372,1536.45437648756,2431.43334220046,josh
@,442.673453825256,1400.29706076697,2696.79143565928,josh
@,490.544035707179,1365.80139494114,2418.7820516807,josh
E,565.517667050649,1376.64587823724,2228.63367314407,josh
E,482.9705740316,1564.31706859284,2580.38390124476,josh
i,424.438070364876,1744.24807003509,2580.53645512554,josh
i,1729.27576065592,2504.67474196796,3434.38271113695,josh
i,1541.2384016043,2364.32950177003,3309.04039238308,josh
@,415.518154039238,1536.91928667574,2595.99902816156,josh
A/,596.91232595018,1637.17067400343,2299.07338142153,josh
e,410.893659515256,1954.33313983422,2536.36083316463,josh
A/,492.704644584922,1525.41397418443,2263.73151123226,josh
a~,508.092313248831,1376.74401778473,2190.21582564379,josh
i,711.750421454096,1446.83099281839,3007.54105157425,josh
O/,497.518725035975,992.227583203282,2029.15687893939,josh
A/,537.116302158311,1280.04339216071,2362.35676766036,josh
e,442.375283670372,1489.37419018247,2425.69070040222,josh
y,287.986330980057,1561.54836533208,2583.52439948669,josh
e,875.747581942185,1759.27711074932,2849.88384682312,josh
y,2104.48681848419,2550.97490485355,3027.57140068041,josh
O/,519.203229888136,805.909561000886,2237.70440420023,josh
@,1450.14791138123,1827.53454461254,3076.18339514131,josh
y,1161.17289575722,1548.22348462903,2752.62608649945,josh
@,513.052103916804,1365.14461955565,2421.36006055483,josh
O~,467.24129751433,833.410847792788,2555.23222492565,josh
a~,571.056199080272,1407.00806192058,2620.41930267311,josh
E,553.713150450049,1164.90488586294,2687.78422963972,josh
E,559.515285524185,1389.92098408166,2183.02171873788,josh
y,1350.20492022616,2256.43843340505,3299.32801048558,josh
e,597.872580542344,1352.21597567316,2726.3710822383,josh
E,421.572404511887,1657.36323696663,2628.31306329965,josh
E,546.372576995144,1893.50825250823,2180.21518310306,josh
E,1304.05322249467,1813.18348325586,2502.25955777484,josh
A/,546.724197667123,965.313207205794,2338.61479562714,josh
@,408.207969210286,1650.42041871424,2125.39860712398,josh
y,344.215906235881,1758.6867314539,2782.28741367045,josh
E,470.124370887688,1618.25517257934,2507.17965437719,josh
E,569.042161800539,1475.45190566914,2371.09669947311,josh
O/,1208.33595322041,2234.56990419069,3055.5005889103,josh
E,567.036400061475,1358.00344793584,2249.32900037383,josh
E,399.105583656922,1967.76258453337,2971.81419703242,josh
@,578.305057614485,1334.45852113073,3272.5438684832,josh
y,520.519686439904,1492.3484656331,2043.89693274705,josh
E,406.3134468726,1777.74264530895,2677.59910789383,josh
A/,542.05813758985,1340.57543563917,2646.09546718722,josh
O~,481.178061960733,1322.39489894068,2324.46281270615,josh
u,616.160924519351,1256.72005813273,2810.80139023727,josh
e,584.082239484758,1585.89846262614,2445.67107179239,josh
A/,442.869215655292,1398.35766345863,2619.99917348199,josh
O~,646.560374515797,1523.93821251963,2593.67881746966,josh
O/,587.974045352446,1235.65882460345,2437.74919129802,josh
E,571.787832694546,1277.45508535196,2249.8455203501,josh
e,489.463780035444,1518.97376690511,2705.46672085715,josh
E,482.827089316136,1642.99706874582,2482.99126566874,josh
@,592.096843069057,1355.45155231715,2441.47914174504,josh
y,583.126626716657,1307.74748891404,2448.66586266971,josh
a~,605.224107249437,1478.64064990916,3029.61009761949,josh
a~,612.200767065962,1099.13565142138,2627.66997695305,josh
E,457.630460191094,1564.2863461236,2567.02269224175,josh
u,451.370375139887,1204.70647802045,1984.61181443638,josh
e,428.404265717823,1531.93825955255,2299.45617427727,josh
a~,501.089666248573,1506.69010292413,2253.36112598736,josh
a~,537.093016175267,1191.24878849551,3170.86329198611,josh
E,567.091426735673,1771.1467547747,2514.47833172188,josh
O/,1143.55728490209,2207.6456725479,2949.91342448094,josh
i,925.641150956457,1805.46039261919,2807.76113981772,josh
A/,566.973627322912,1620.56057274394,2347.41563236641,josh
E,659.282940316553,1414.80459760378,2111.20971903279,josh
A/,492.658003607712,1787.79393900827,2386.15913762548,josh
A/,582.280215824899,1120.25353865714,2344.17696202736,josh
O~,514.895261153488,1059.27267331753,2324.68727322362,josh
y,773.220517310979,1403.73951506766,2590.86857349634,josh
y,712.638140181831,1307.01688669002,2801.1422705341,josh
A/,601.960320912559,1334.37968157554,2606.07420166387,josh
A/,573.358253895536,1432.5968441183,2332.77282041925,josh
y,528.906531904589,1526.15970246874,2336.45047200791,josh
A/,591.759629524923,1268.53210817584,2311.79593736544,josh
E,664.378340731135,1187.65755797406,2420.46393948179,josh
O/,581.303815265401,1089.84872315911,2821.85448346221,josh
y,552.396653925051,1294.73682550033,2744.45817558937,josh
A/,538.275722238836,1308.52169944412,2837.28466392286,josh
O/,596.185480773943,1434.6261844777,1678.2428262625,josh
i,444.398305665978,1615.93880064215,2456.61748274577,josh
i,574.568056194107,2134.25280458794,2982.76627939666,josh
9,422.785361844701,1290.92135330218,2188.97388265358,josh
@,409.915954791611,1343.93867546354,2203.4803053342,josh
E,328.501870809465,1025.35811891787,2433.1530487972,josh
E,604.859817579437,1391.3025677039,2551.80658103494,josh
A/,441.31134226402,1277.42380777399,2570.72631672903,josh
E,503.129639077704,1431.71598086906,2237.25385701155,josh
O/,632.723022779759,1744.16343279532,2421.08715390072,josh
@,333.328399213433,1628.67625763456,2488.63390703457,josh
u,346.474273391917,1601.86200434336,2538.71625804615,josh
e,389.691941274132,1704.73375716175,2615.55721409006,josh
y,373.057515907149,1777.63918574372,2821.60858283294,josh
@,431.364098790391,1755.59658269954,2340.12572181193,josh
A/,569.611280449684,1276.50308330166,2609.01839687917,josh
E,593.280388129472,1609.71629395471,2481.01043586042,josh
y,571.736722103204,1491.51604932802,2526.35071178705,josh
A/,660.713608169968,1123.13491187553,2624.15552466126,josh
A/,595.661699460496,932.292183039565,2771.96931979119,josh
O/,1758.86580166576,2499.32778650289,3546.50135944739,josh
O/,637.875307123369,1327.58249024559,2541.0258090536,josh
e,411.833573167919,1737.42893655131,2457.72521907241,josh
e,394.714019959074,1676.23286506067,2585.00654221999,josh
e,438.398590628693,1558.19353519004,2391.07166301159,josh
O/,600.925280487757,1614.42051758809,3180.98805407939,josh
y,572.20609238138,1158.76062005606,2449.97209478365,josh
@,526.356979307624,1353.84753107433,2340.48421884791,josh
@,391.874370151686,1413.95700766696,2534.40989054703,josh
@,353.628605708305,1484.41390193139,2450.61818995773,josh
O/,519.704746035086,966.932880248152,2657.71702725362,josh
E,436.866773890677,1418.70015444815,2439.53117572866,josh
y,454.124125823093,2029.88196998864,2652.8559380497,josh
O~,506.576110033945,878.708884659832,2155.10326858221,josh
@,420.867700231539,1607.57482085594,2143.79381105797,josh
@,465.091789335881,1475.6501768089,3312.39909270338,josh
y,1209.68491327668,2129.79153829317,2884.16968230385,josh
e,522.497030528077,1311.78455431905,2913.55921215959,josh
O/,587.968396149217,1188.0353282741,2350.58665149878,josh
i,292.266761937948,1786.26399878976,2593.97533258112,josh
y,353.497890674099,1888.95295275916,2641.14664663348,josh
A/,508.782078070551,1698.38429414066,2459.4755219614,josh
E,425.3451824732,1596.73705608116,2526.21287535078,josh
y,580.134329602414,1244.72914322849,2289.95719872641,josh
e,355.082253857445,1760.34421280882,2533.10188746481,josh
e,364.60607142905,1755.36748205349,2469.11349670975,josh
a~,608.66618832395,1261.54161309043,2228.87528776473,josh
e,416.396669198959,1655.21790667797,2506.53022512589,josh
i,384.283898665362,2004.67083044739,3097.97566093797,josh
i,294.216567095972,1892.77028008469,2491.12497006783,josh
i,316.498003650245,1942.55500758893,2621.84559181049,josh
A/,687.636080114763,1596.5164992632,2669.41054126218,josh
a~,532.555730373392,1987.21077050868,2140.14505361301,josh
i,404.800809656645,1415.65735413396,2337.48284495544,josh
u,471.591264484127,1325.88753372656,2481.94567083173,josh
E,419.300827170074,1682.07595832994,2356.79981215024,josh
y,367.411699204457,1825.41493699901,2881.02244019284,josh
y,475.124161834481,1370.72013881452,2449.46548960402,josh
A/,644.852308221189,1315.372881763,2679.47039659346,josh
@,429.12500744443,1598.56285850825,2244.77743267059,josh
E,589.094114341526,1754.47912987744,2406.51105881823,josh
E,583.520585290845,1264.89048613794,2247.82257977965,josh
O/,593.737545120038,1371.02507456781,3140.30266333924,josh
A/,714.215852633917,1268.80867528349,2665.21754170281,josh
A/,617.277711072424,976.223533063581,2767.2744292255,josh
u,480.53576094912,1263.59864069534,2132.56690536309,josh
O/,1098.90342053054,2295.39590487135,2947.86799396969,josh
E,488.135816103615,1427.67400325921,2504.41204024754,josh
u,918.294195750985,1322.38002308103,2919.65302949246,josh
O/,590.998826237945,1281.44502191681,2682.62533903121,josh
E,561.914058754975,1305.51251832367,2316.8335139898,josh
O/,1237.16049192508,2344.34772658897,3296.8024522783,josh
E,525.137857185817,1395.84328563278,2320.28344920047,josh
e,403.583859906924,1620.31158750906,2550.07618556114,josh
e,422.1295763127,1652.08485847067,2473.10850511935,josh
A/,580.554008177086,1085.55709659444,2667.40995176921,josh
O/,506.015134678439,1250.11844496041,2604.96655002368,josh
E,448.148379198922,1420.43906322063,2374.53054304816,josh
y,1730.18366162113,2033.03302196353,3630.00821849278,josh
i,470.219341854892,1234.82679738308,2130.955777624,josh
E,533.496091004983,1362.57109192276,2529.87389514639,josh
E,534.011615841237,1397.88330747889,2938.69785213209,josh
O/,850.200343157355,2133.41706435136,3075.32354496651,josh
O/,494.491697624176,1740.8838864171,3098.23774834617,josh
E,669.025759638229,1421.59237004469,1866.4058296328,josh
e,402.80710183299,1637.07804669989,2357.61635777986,josh
u,488.085876347488,1309.34002369283,2143.4547861169,josh
y,373.991739238265,1299.3836939582,2337.61139934025,josh
E,455.621851763636,1536.21649774485,2446.88017818246,josh
y,468.093151902474,1534.0689448935,2335.35293601362,josh
O/,483.861881134817,1427.68012205038,2047.71836246918,josh
A/,583.167416373014,928.794176892251,3184.94053757394,josh
E,526.894025865042,1694.40791896515,2198.3988869685,josh
@,436.639240362798,1526.7535780253,2466.94845165006,josh
@,411.451636617646,1519.98155469554,2492.5747576397,josh
@,467.224217165811,1513.07389721256,2418.16712989193,josh
@,367.857855970533,1547.83804577677,2413.85095970374,josh
i,501.461824171127,1754.15099271763,2188.08858225974,josh
i,538.941660216573,1801.81082106884,2410.65526786313,josh
e,468.868894347698,1656.16448670666,2538.21106453452,josh
u,350.266341918838,1643.26069824251,2287.27564416126,josh
A/,542.989465690271,1158.59462916098,2530.10272885006,josh
u,364.790066839523,1501.1370229284,2225.88041711519,josh
O/,544.943750510514,1139.85916357311,3072.52916290943,josh
E,452.257080112223,1420.48178513637,2358.64454362736,josh
u,387.67264146966,1280.53800300828,2267.95058850086,josh
E,440.965711976806,1491.06830272422,2415.56448247621,josh
@,470.866182014682,1460.29192166291,2453.34752546862,josh
e,417.269136504069,1295.80318735546,2248.20689412744,josh
A/,580.754600764946,1311.19980568187,2506.94518806554,josh
E,549.473199293361,1503.54687437227,2456.64610496523,josh
u,570.281528633854,2018.37221217155,3015.7835626252,josh
A/,435.177869370981,1200.81108172838,2350.43000359295,josh
y,633.351570454845,2100.38978309217,3037.58022827123,josh
A/,617.160941559842,1028.80715231295,2417.2182131477,josh
E,427.025454508294,1597.34138980431,2465.35496395501,josh
e,465.62716503928,1617.73687130177,2515.18068779932,josh
u,858.421950457111,1675.92941363642,2522.08077015426,josh
A/,554.988111241693,1324.56346499864,2572.72602837524,josh
@,440.422605616083,1647.3303862583,2033.00742428988,josh
@,384.046510804492,1382.48556962677,2510.05725555698,josh
O~,450.575839749866,893.057386861779,3106.72998322832,josh
i,700.258767284522,2237.66011703605,3249.0746931043,josh
i,379.865571069768,1980.79741800812,2735.84793462998,josh
A/,529.027973788562,1380.33103542416,2493.25137374943,josh
A/,456.036628067171,1090.31798956363,2830.92927823602,josh
A/,650.914009082831,1264.38949589259,2869.46803318405,josh
A/,536.839751613391,1605.95347368263,2455.92269938166,josh
u,392.582624287764,1190.80599471505,1990.5440352885,josh
i,465.897235343695,1606.246525139,2525.50525926913,josh
@,487.86102774996,1559.26239670075,2499.29431874656,josh
e,429.299081457987,1617.79213783306,2541.18767521579,josh
A/,609.009709440373,1099.60414487315,2225.32926255244,josh
i,655.190571546805,1803.12720801059,3014.04046720892,josh
A/,493.846270636167,1770.23107223845,2589.98939950103,josh
A/,598.162360529692,1070.54776820096,2547.20342946587,josh
O/,585.875637100645,1025.00106685232,2163.59169986154,josh
@,480.43961935916,929.592181915378,2251.96820499268,josh
i,227.143714551145,1358.85100462447,2528.26710994362,josh
A/,557.96682737766,1611.05201870157,2356.73942248066,josh
E,439.577794511887,1708.16008647336,2540.48756331465,josh
y,563.483122943109,1284.59296447958,2632.60638475221,josh
e,407.157501392807,1691.48970731599,2511.50053061467,josh
e,378.237173289156,1785.12658795199,2505.82375692627,josh
E,370.638396401313,1732.33941591598,2419.271994451,josh
a~,498.841537223791,914.54174115183,3119.10116605854,josh
A/,601.916774070903,1035.14792890985,2614.34979513547,josh
A/,528.887446762086,1319.24751216562,2697.26131114388,josh
u,549.339952649464,1562.96590713778,2145.25023610199,josh
i,278.189033470873,1481.80895313874,3281.55506162956,josh
@,385.567916992837,1555.92601706691,2488.35783288282,josh
u,393.842415830899,1290.63595879652,2446.76202242201,josh
E,446.552732127142,1869.1784294707,2347.74610679583,josh
O/,484.727258476023,1559.27749378951,2383.42664162323,josh
O/,468.516002883297,1896.85449788589,2455.94906115266,josh
A/,525.755196988644,1399.57189513118,2781.23881387997,josh
e,346.890112499056,1746.6025485544,2538.37286600707,josh
e,417.448338354879,1746.24906483911,2531.30201316118,josh
E,382.254574567335,1647.80818093961,2262.522311717,josh
a~,525.205036841785,1032.9987341992,2616.21415289734,josh
e,1191.45955430623,2007.46626982606,2983.82050087597,josh
E,393.637474046223,1619.53803815762,2233.74960127537,josh
a~,404.775860841159,1376.51733864376,3112.21617600919,josh
O/,553.076572263562,1153.21892106313,2079.76345954233,josh
e,401.233278789371,1754.0756506799,2510.20531586648,josh
y,303.675196310129,1810.90449967383,2532.0234636536,josh
e,360.931335501932,1803.31619934513,2480.20983548174,josh
E,446.638126314247,1625.17145542633,2216.5172475632,josh
E,542.682982956436,1306.98068818288,2231.02339247091,josh
E,544.563108704628,1307.00414726048,2146.12446609811,josh
O/,444.223681182229,915.800983556015,2450.8377364729,josh
@,525.709124859534,1055.89330586257,2678.04809635124,josh
y,527.902175149055,1165.98335619208,2463.93483452639,josh
O/,538.579841567526,1128.24554990493,2134.97080332677,josh
e,435.117183993107,1759.93231200697,2528.39808154169,josh
E,517.87652556137,1682.02207061264,2515.94242753312,josh
u,495.53593656684,1542.27649290012,2420.75908067773,josh
E,434.992023217478,1773.37940270377,2422.88374538958,josh
E,587.669628018172,1052.84252535012,2450.72318782905,josh
i,522.344856910921,1942.20057636806,2460.74129036587,josh
A/,812.917124317586,1491.71230699044,2867.00418429138,josh
E,524.79164769147,1404.32456141528,2675.66762692559,josh
O/,1039.03428627869,2306.2111826795,3053.95015332641,josh
E,502.910607015676,1347.31772631146,2742.74794388908,josh
e,436.192718969514,1663.914123074,2451.86475264174,josh
y,518.281331419367,1800.16804264987,2464.83000459434,josh
A/,618.061119118103,1152.20790451557,2394.82038038419,josh
A/,553.009693489224,1203.26739805083,2442.25135223911,josh
O/,591.604370757405,997.496389107159,1907.09444791382,josh
@,507.92830328895,1121.10857797595,2843.10564229445,josh
y,368.704112690442,1251.54898672046,2474.61339733454,josh
O/,529.763167256847,974.844788731578,2199.39734555931,josh
A/,530.020295583544,1378.00501416404,2434.16864851698,josh
E,505.413016384518,1528.06476540888,2119.45041894239,josh
e,444.767791198317,1719.34813493049,2443.73741011155,josh
O/,309.728751007672,1259.98788516135,2163.20063708568,josh
e,409.035031496702,1666.9476980473,2473.37933239543,josh
u,297.129948059377,1708.11624500022,2084.85969224871,josh
A/,536.783212309151,1322.36951070306,2358.79794157754,josh
O/,625.325798650179,1808.38636850993,2686.13965187044,josh
e,419.95692592181,1893.29469025026,2665.14999229971,josh
E,598.5737326037,1240.80524737063,2311.49655768954,josh
E,558.153004745994,1392.05984288797,2289.22413834982,josh
@,571.367643461894,1610.93501869449,2540.13246918649,josh
A/,550.403647170313,1274.65598361465,2192.63845629888,josh
@,1081.00204784208,1851.60011494911,2551.13711677491,josh
y,215.4612575052,1516.29969952849,2852.70510152637,josh
2,429.704300183802,1415.01163472428,2419.10161963801,josh
E,481.293278143073,1577.76774768752,2502.34692286115,josh
@,398.48257081657,1690.04211698976,2226.24470232306,josh
y,536.701452187661,1593.00216074937,2907.50648267449,josh
E,592.889865342078,1444.69373132955,2464.29887626734,josh
e,505.562258386994,1460.7948801668,2579.83165995392,josh
e,383.569656764918,2071.83243097827,3436.63610026732,josh
A/,472.821177893597,1319.65613729938,2541.70001259994,josh
y,581.777354785535,1368.10524224345,2222.11398612941,josh
A/,601.884328523623,1054.32370388592,2367.05611723871,josh
A/,561.926184510296,1050.96256163352,2348.69779268349,josh
a~,667.375262810101,1265.66236531016,2846.48324467546,josh
A/,590.418670675209,1037.41722157205,2783.82525124929,josh
@,396.681828896903,1730.20196720597,2231.92772373665,josh
A/,516.923022869905,1468.26822393749,2431.21184045706,josh
E,564.97338978457,1376.7302299683,2284.5162736188,josh
@,394.890488782449,1648.62389590762,2213.01427519752,josh
E,409.488353606756,1710.39755272116,2570.29114088051,josh
A/,536.606938771251,1672.25319041791,2414.07976659376,josh
A/,568.167900271927,1133.08682795855,2949.40331523383,josh
A/,604.727840947202,1197.34934863121,2839.00039130198,josh
E,476.816175324828,1876.85734513932,2644.31107490374,josh
e,447.55537050802,1666.5999057915,2596.1608910357,josh
@,366.779837219307,1624.79608918707,2823.36226306361,josh
y,250.813442468038,1539.20662597937,2441.3883216581,josh
e,444.050264717802,1714.87474658681,2817.07965502974,josh
E,487.582174781434,1531.62358419564,2346.59627588332,josh
A/,586.411688833663,1605.02697224697,2353.94015836864,josh
e,540.063850114716,1731.28245343651,2490.16233447949,josh
y,393.73889777056,1985.99531933575,2521.85902846777,josh
E,431.444070338472,1927.96865441646,2530.96971927781,josh
u,483.685106548923,1267.45641771139,2724.97726314213,josh
e,435.329914680138,1614.41428033327,2570.95847791511,josh
y,516.854462818943,1840.21829666298,2753.74502406475,josh
E,434.838876719557,1729.71954827751,2643.14112958926,josh
U~/,466.227677571618,1932.10812172137,2598.62567034559,josh
@,407.015632394983,1514.94487536936,2474.11901764002,josh
@,431.013871287484,1479.10248006626,2458.93783250453,josh
A/,467.820659800532,1240.9989383567,2603.43460271445,josh
i,368.939739510121,1670.79087854553,2263.60820527195,josh
e,440.105628198416,1839.94260304405,2290.18192042072,josh
E,522.798784904034,1537.82030969729,2515.07964075748,josh
a~,647.525765713276,1677.41149377769,2839.74509010331,josh
e,517.068100998545,1658.27883284502,2536.45928590154,josh
e,317.132148931491,1818.408105586,3358.93473716339,josh
u,444.817614383859,1357.55518570808,2392.20715572572,josh
O/,1256.32122187737,2118.25716970879,3169.37053872843,josh
E,572.09444743423,974.942342934215,2790.06271201645,josh
y,741.375328055442,1869.21317519373,2855.7454877394,josh
e,398.830576323878,1475.23669989469,2389.89737220878,josh
O/,423.916361412637,744.123256412579,2314.43852423215,josh
u,580.371006587577,625.764949816212,2411.6960944509,josh
y,357.216730505746,1847.74574056312,2662.04709364331,josh
y,1066.19332875951,2023.9961257416,3368.55892392761,josh
y,529.026532316169,1489.89455515885,2671.64086910895,josh
O/,413.976477321365,1203.85137564456,2289.44707720471,josh
E,468.103406579307,1366.25821259097,2326.01792286635,josh
O/,565.89110836333,897.010985787102,2074.18042991798,josh
a~,515.363791732619,1026.80973372913,2455.5398502125,josh
A/,552.408930229815,1321.29915424107,2474.73283757313,josh
y,459.307900519891,1364.33242457976,2553.18945545154,josh
A/,573.718957782999,1203.79011087459,2477.97045350439,josh
A/,504.228710816946,1264.22945106119,2558.95301500154,josh
y,1355.01409144273,1949.59233544088,3219.90551286203,josh
O/,568.237729590462,959.312348510201,2314.26496188912,josh
a~,518.629067445499,947.521514763453,2631.46018747684,josh
e,423.243047637346,1560.11949899965,2373.50286835071,josh
E,614.873933235443,1210.13279491584,2662.15264619907,josh
e,978.346302846814,1985.01835807564,2096.45790800322,josh
O/,750.103925903252,1426.68841219421,2281.66374127357,josh
E,750.880791604326,1976.94134569306,3336.84539398914,josh
A/,540.787603019531,1354.72179053839,2500.05985780038,josh
e,526.552047722374,1476.62351762471,2326.56002231781,josh
y,414.06742797967,1842.68837401477,2581.61453450226,josh
O/,464.88585399986,981.049813666518,2056.30572209758,josh
E,473.992826758517,1536.17472881873,2344.13497789532,josh
@,388.585946643999,1396.46379510158,2424.09972405055,josh
@,390.59403338428,1483.2687847127,2367.43343121813,josh
A/,451.299140992957,1381.88175881674,2335.6014765313,josh
E,492.691394930708,1317.64075816053,2150.87109075177,josh
O/,551.410184833982,1129.29284187698,3031.42263242336,josh
i,525.164153186241,2373.67728494159,2778.19649961662,josh
A/,602.192125045862,1515.50731193965,2187.36631242588,josh
O/,549.195874447761,1018.40347642265,2341.6441695828,josh
a~,534.827234460818,1112.57255553089,3361.47529373245,josh
e,405.862778934549,1629.39094093628,2489.40697209989,josh
O/,794.971815414421,2003.04003510597,3037.24602180636,josh
@,1147.01031473697,1977.81901691953,2953.42789550046,josh
E,478.761838404115,1169.28772496561,1808.90129707826,josh
E,393.952841060517,1731.11566132152,2861.64147507337,josh
A/,520.625962062497,1578.50815077526,1965.29198675134,josh
A/,430.432713799661,1702.35101887716,2635.22940504463,josh
i,403.706797702509,2031.62414637071,2613.13371759296,josh
O/,423.698278334695,1977.61871855997,2867.18490398224,josh
u,324.222288263782,1511.79074768355,2526.30197060019,josh
i,302.815668169326,1448.13254667833,2292.58866316481,josh
O/,590.402777642506,1113.9320944881,2596.08665999825,josh
O/,533.958905858071,1038.78029679758,2736.81135960593,josh
E,494.395240890295,1555.3789439497,2542.07686501513,josh
y,500.086739422124,1666.46497702911,2433.22146700177,josh
O/,496.60334822447,1488.61862799982,2385.96320135026,josh
i,394.246388973939,1483.04811537537,2064.04831308398,josh
@,436.322475942097,1712.55830175179,2147.2896799384,josh
e,496.538492276901,1568.71251876597,2574.87259150721,josh
E,364.202704800334,1445.97914572816,2160.71874060116,josh
2,714.081539498735,1318.26280313786,2640.57529414642,josh
U~/,460.165533915866,1847.48146319759,2636.89139712496,josh
@,412.340528979756,1529.9435259482,2457.52296069404,josh
y,1449.48024697365,2831.50733612601,3921.1629024038,josh
y,564.468015569076,1447.17260081808,1977.69284908055,josh
e,697.421275903435,1622.63804798064,2390.67379735029,josh
i,628.104223077593,2290.36715459447,2850.13506492605,josh
O/,359.638922721778,2094.69587057087,3329.25066949224,josh
O/,451.998525222062,1253.20589167907,2546.93821645095,josh
y,572.783566682037,786.309929772404,2550.39982912266,josh
O/,490.474871054564,1193.05196855709,2327.4194205977,josh
A/,511.833289439443,1724.63507165786,2306.72942589653,josh
2,454.273335441627,1324.10673449589,2106.84988085324,josh
E,460.453446401547,1619.47012028945,2613.71440768137,josh
U~/,554.36295091467,1424.69798390586,2643.95902193722,josh
@,388.256448305675,1468.12311151152,2448.65166978472,josh
i,345.461551093268,1836.59633239247,2934.90224521911,josh
@,435.299221300093,1616.15498013159,2124.54069368387,josh
y,424.850713043943,1354.81226783952,2822.4977580753,josh
a~,528.590348901288,1408.37513987724,3090.60123575711,josh
A/,557.025826649813,1161.26836264259,3173.51268181827,josh
u,318.234155749877,1798.48591079146,2084.84936651475,josh
i,294.285934129264,2008.21969010854,2096.74153698108,josh
i,375.383415094123,1858.60397684594,2532.44199534073,josh
A/,457.161545847621,1699.6424877665,2423.08194456644,josh
E,556.270862592869,1382.8786538828,2403.13951412228,josh
A/,523.513148681595,1389.55211865692,2792.69924930257,josh
@,380.982569158411,1740.05489827692,2373.15424327388,josh
y,448.208541371103,1401.693601509,2562.07866425219,josh
E,565.06895296224,1435.02609931003,3130.52119919376,josh
A/,550.923305260385,1301.54116023866,2574.65431704559,josh
e,451.024841291907,1568.00814786319,2755.63284601147,josh
U~/,528.515378709589,1714.5183902178,2593.43064383623,josh
E,481.848660068973,1477.2588655902,2319.6235683616,josh
E,460.762500851015,1509.47755223187,2257.98227695716,josh
a~,559.93585079045,1354.98449441457,2372.24533077666,josh
A/,506.417949635375,1060.40107620613,2717.82420850604,josh
@,403.605770422752,1730.97068466706,2261.50230896554,josh
y,1118.54921148121,2000.25194334951,3141.73835892761,josh
A/,499.220166084657,1214.70313110653,2358.60154145093,josh
@,546.00976565404,1132.58331850957,2642.70377524139,josh
A/,597.753023497358,1263.98980478017,2549.89006537969,josh
a~,594.107403117822,1209.24249797962,2693.6167216108,josh
A/,662.834751422412,1101.65050737731,2327.16175942065,josh
O/,593.430151031749,1147.88126416108,2318.81185361516,josh
O/,490.33339840259,952.684726939587,2421.84108493144,josh
@,514.226431458959,1431.59037817565,2190.07440045471,josh
U~/,383.566584630664,1766.29949234406,2430.52691092569,josh
U~/,425.985992969505,1748.18997736715,2449.56401569194,josh
U~/,473.511913877359,1649.17637985333,2636.34768823466,josh
U~/,527.233426318486,2072.13897100263,2522.33613927628,josh
O~,319.861791849459,1306.48270788489,2495.4420261819,josh
a~,590.54895365795,1063.59237205466,2682.14870052133,josh
E,407.737110148415,1644.86033630681,2602.31160705162,josh
E,444.54665071045,1576.41879173354,2860.00669964489,josh
O/,578.506931031508,1042.78323112802,1942.84043110572,josh
2,515.947507785533,1289.443977722,2407.87737611109,josh
E,539.917763352718,1621.00227669732,2557.19438706628,josh
E,527.566087005243,1747.33084204871,2575.02323702843,josh
A/,585.663981837145,1078.59606726565,3162.03263654822,josh
O/,473.809045967305,1647.93752710811,2166.1742108038,josh
u,442.0176410382,1069.24086885381,2331.36551806113,josh
E,645.893454871343,1962.32789506011,2520.21598178592,josh
@,454.289013711092,1684.74559942853,2104.48548252687,josh
O/,533.631344021184,1403.47915577295,2470.48904774649,josh
@,2332.91795216192,2968.61916056388,3333.94460969187,josh
u,427.425225552706,1377.54691372458,2575.97600209054,josh
O/,668.273846010421,1256.27612114503,2480.75796962439,josh
E,637.578685951695,1252.86590229382,2640.45582694005,josh
y,1347.17479598397,2379.71120374063,3402.3728031561,josh
A/,572.404601442557,1120.64561856009,3036.3664297391,josh
y,1177.66138766781,2058.10661123865,3125.64163787312,josh
E,529.042136838023,1588.25684063721,2866.67937173536,josh
y,468.600512311019,1653.31650526386,2667.14555231836,josh
E,539.451132476564,1501.19127454478,2232.29823222321,josh
A/,529.291227950672,1357.74147261264,2189.90359187379,josh
@,414.415233780477,1676.93717480456,2204.52438086833,josh
E,432.694979009003,1623.64514708306,2382.02106008554,josh
E,439.469264743464,1666.2147583382,2500.52841406898,josh
a~,558.03965433604,1320.53118066551,2307.62855398633,josh
a~,634.099078891091,1314.38002594052,2764.12741794497,josh
y,355.551740903813,1762.42709322501,2461.89538903888,josh
y,1087.63538829487,1972.31262043735,2893.26537392987,josh
9,405.469054177318,1645.15864272714,2263.3829557141,josh
A/,579.766696640144,1210.73180009098,2563.12369116331,josh
@,450.6139665237,1618.86037598238,2148.15853190733,josh
A/,404.158258593741,1386.30143729252,2781.16604219025,josh
y,660.036862266099,2286.43768309247,3038.81702526817,josh
A/,622.316761499912,1108.71380373532,2677.74470270712,josh
E,406.435386124894,1841.02583277485,2535.62541587981,josh
y,317.219031096911,1555.60527376387,2323.22276389112,josh
e,364.430090552052,1717.31602913715,2537.73051855346,josh
a~,474.098024853529,1489.63396425539,2480.76417020173,josh
U~/,458.541371331531,1814.61581646217,2610.04095229947,josh
E,410.972485802215,1653.16681249477,2519.30977666357,josh
y,1061.05447478527,2067.83332788116,2911.76267414165,josh
O~,552.778799231821,1457.05843929366,2585.1683752147,josh
@,547.085352360569,1456.08411113952,2724.10966792152,josh
a~,291.265922999132,838.586063647589,2444.60494153864,josh
A/,510.934086406194,1519.5482104578,2906.1016839636,josh
u,331.867825214473,1906.35774871284,2035.70254329103,josh
i,304.61439094031,1977.22233389655,2562.95446896306,josh
i,293.768242285796,2041.45382028142,2661.55330580483,josh
A/,466.965342058546,1889.07889579862,2522.2550408875,josh
E,406.740905179189,1931.23656377429,2653.47141975522,josh
@,408.478555791884,1541.0367766248,2467.54876220022,josh
O/,533.713933621571,1012.65901195458,3198.79562337787,josh
@,533.547574897146,1176.52071197312,3333.52206671951,josh
y,432.808763047715,1236.85345142772,2832.63858381596,josh
y,979.619567469938,1941.75524605669,2875.32186119697,josh
E,556.884534653307,1240.18090326687,2304.81622671381,josh
a~,565.705247118132,1099.71387844803,2518.65864339355,josh
A/,439.423018385935,1165.97626656855,2880.2543639969,josh
a~,542.383285377717,1133.17182142922,2491.19325801333,josh
E,570.877757793997,1291.52314944207,2448.19435187481,josh
E,544.406781404611,1383.82868100683,2466.16780075865,josh
E,488.345866225533,1666.32636874932,2412.74241099864,josh
U~/,491.92640093129,1784.3495858326,2544.36283476134,josh
2,457.186891787547,1077.94516129638,2683.90515931622,josh
i,430.838200258173,1806.6196982441,2299.85633594673,josh
i,473.191547533295,1954.25571024541,2689.95154890616,josh
E,413.22551591614,2037.15770455288,3211.61457388544,josh
U~/,418.153299123442,1809.48119348996,2803.21776343411,josh
@,400.667555588386,1509.15570396756,2237.16313710161,josh
a~,617.291867731255,1104.41148247277,2372.17898117394,josh
E,433.662938775752,1531.60157229842,2501.97920555827,josh
U~/,417.596377129185,1483.1291730218,2097.05438081418,josh
2,756.881012733026,1554.23478997118,3070.70821873516,josh
O/,639.541252444334,1457.91510746994,2825.98555401552,josh
E,595.378761022835,1344.78564159055,2254.67113208455,josh
